cpc_1,cpc_2,convergence_prob,actually_converged,jaccard_cutoff,jaccard_target,convergence_type
B62D,B25J,0.7326,0,0.019925,0.035938,GPT
A23V,A23G,0.2506,0,0.106989,0.101852,SYM
B62D,B60D,0.184,0,0.019503,0.022435,GPT
B82Y,G01Q,0.1717,0,0.031306,0.015586,GPT
H04L,G10L,0.1202,0,0.008302,0.006807,GPT
F05B,F03B,0.1135,0,0.121739,0.144223,GPT
B01J,C40B,0.0876,0,0.084136,0.035598,GPT
A46B,A61C,0.086,0,0.077551,0.106522,ASYM
G02B,B81B,0.0816,0,0.015843,0.010176,GPT
B65H,B42C,0.0807,0,0.068912,0.039349,GPT
C07D,C09B,0.0775,0,0.01251,0.018321,GPT
H10N,H02N,0.0713,0,0.083763,0.102005,ASYM
B65D,B60P,0.0702,0,0.016148,0.015661,GPT
B01J,F01N,0.0682,0,0.041995,0.050723,ASYM
H04S,G10L,0.066,1,0.06044,0.152695,GPT
C07D,C12P,0.0658,0,0.010303,0.006554,GPT
H04N,G10L,0.0636,0,0.020302,0.016741,GPT
C07C,C11B,0.062,0,0.019112,0.020824,GPT
H10K,C09K,0.0519,0,0.100239,0.157062,ASYM
B01D,C07C,0.0511,0,0.019809,0.024705,SYM
C07D,C09K,0.0497,1,0.011944,0.026722,GPT
A61K,A23V,0.0493,0,0.019256,0.025506,GPT
A61K,C12Y,0.0483,0,0.013382,0.019181,GPT
H04B,H04M,0.0445,0,0.063497,0.086372,SYM
C07C,C01B,0.042,0,0.018079,0.021479,ASYM
A61M,F04B,0.0415,0,0.018999,0.025349,ASYM
B01L,C12M,0.0412,0,0.053633,0.067931,ASYM
B65H,B07C,0.0389,0,0.019943,0.02327,GPT
B23K,B23P,0.0382,0,0.069067,0.055452,ASYM
C01B,B82Y,0.038,0,0.049139,0.063252,ASYM
C08K,C07F,0.0377,0,0.015553,0.02053,ASYM
C21D,C23C,0.0374,0,0.034144,0.04409,ASYM
G06F,H04M,0.0355,0,0.055868,0.083601,SYM
H04L,H03D,0.0346,0,0.009002,0.003829,GPT
B21C,B21B,0.0344,0,0.103448,0.093923,SYM
B62D,B60P,0.033,0,0.027865,0.02547,GPT
A61K,A61F,0.0325,0,0.008394,0.010332,GPT
B62D,E02F,0.0319,0,0.022124,0.03,GPT
B62D,B66F,0.0318,0,0.027063,0.031296,GPT
B65D,A47K,0.0318,0,0.013561,0.015389,GPT
A61P,A23V,0.0316,0,0.017283,0.022325,GPT
H04L,G06K,0.0309,0,0.007768,0.006255,GPT
A61P,A23K,0.0292,0,0.009875,0.011457,GPT
A61M,F16K,0.0291,0,0.015094,0.017198,ASYM
A61M,G16H,0.0288,0,0.034755,0.030643,GPT
B60W,B60R,0.0287,0,0.020039,0.030849,ASYM
A61K,A01N,0.0284,0,0.011449,0.014618,GPT
B62D,G01L,0.0284,0,0.015973,0.009543,GPT
C12N,C40B,0.028,0,0.020317,0.016127,GPT
B65D,B67D,0.0261,0,0.023174,0.025663,GPT
H04B,G06K,0.0253,0,0.017854,0.024876,ASYM
F02D,H02N,0.0252,0,0.022737,0.009013,GPT
C11D,C23G,0.0251,0,0.05231,0.037409,GPT
H01L,B81C,0.0246,0,0.019894,0.022112,GPT
H04B,H03D,0.0238,0,0.025223,0.013316,GPT
F16L,F02M,0.0233,0,0.016651,0.026616,SYM
A61P,C12P,0.0233,0,0.011424,0.013421,GPT
A61K,A61N,0.0231,0,0.003681,0.00482,GPT
A01K,A01J,0.0229,0,0.038059,0.021097,GPT
B60P,B60R,0.0224,0,0.015183,0.009027,GPT
F02M,H10N,0.0221,0,0.026515,0.026316,ASYM
B01J,C07C,0.0216,0,0.098701,0.103604,SYM
H04R,H04M,0.0214,0,0.029174,0.041021,GPT
B29C,B29L,0.0211,0,0.427852,0.413098,ASYM
B60C,D07B,0.021,0,0.047736,0.036261,GPT
C07D,B01J,0.0207,0,0.016951,0.01294,ASYM
A61M,B04B,0.0205,0,0.018926,0.011891,GPT
A61P,C12Y,0.0201,0,0.012026,0.018673,GPT
B01D,A47L,0.02,0,0.012293,0.017916,GPT
G03F,B82Y,0.0185,0,0.040212,0.066881,ASYM
C08G,C07D,0.0185,0,0.01128,0.011739,ASYM
A61K,G01N,0.0184,0,0.041229,0.05032,ASYM
H04L,H03K,0.0182,0,0.008139,0.005458,GPT
B62D,G01D,0.0177,0,0.019563,0.009663,ASYM
G02B,G02C,0.0172,0,0.016671,0.028185,GPT
F01D,B23P,0.0171,0,0.064928,0.063146,ASYM
G02B,G03H,0.017,0,0.018141,0.019763,GPT
H10N,H10B,0.017,0,0.102679,0.134786,ASYM
F02D,F02N,0.017,0,0.056412,0.064181,GPT
G01R,H02J,0.017,0,0.02979,0.040713,ASYM
H04B,H04H,0.0168,0,0.021521,0.013373,GPT
D01F,B82Y,0.0167,0,0.029029,0.023658,GPT
B01D,B04C,0.0167,0,0.01493,0.017014,GPT
B60K,B60Y,0.0166,0,0.085609,0.135449,GPT
F21S,B60Q,0.0164,0,0.162602,0.110403,SYM
F24F,B60H,0.0161,0,0.071726,0.056687,SYM
H02K,F16C,0.016,0,0.046578,0.030517,SYM
B64C,F16F,0.0158,0,0.025052,0.03545,ASYM
F15B,E02F,0.0158,0,0.080612,0.104564,ASYM
A23L,A23K,0.0156,0,0.106061,0.101074,GPT
G06Q,H04M,0.0155,0,0.045537,0.048944,SYM
G02B,G11B,0.0154,0,0.017796,0.011374,ASYM
C08G,H10K,0.0152,0,0.024752,0.027879,GPT
A61K,A61B,0.0145,0,0.005488,0.005721,GPT
B60W,B60L,0.0144,0,0.165496,0.208567,ASYM
B62K,B62J,0.0144,0,0.187097,0.296378,ASYM
A61K,A61C,0.0141,0,0.003869,0.002046,GPT
G05B,B25J,0.014,0,0.10153,0.120749,ASYM
G06F,G06V,0.0135,0,0.051014,0.044658,GPT
C12N,C07H,0.0135,0,0.025116,0.030487,GPT
B25F,B25B,0.0134,0,0.070644,0.099057,ASYM
A61K,A23K,0.0134,0,0.011318,0.01309,GPT
H04N,G03G,0.0134,0,0.020328,0.017699,GPT
H01Q,G06K,0.0134,0,0.05097,0.093804,SYM
C09K,H01J,0.0133,0,0.018811,0.024761,SYM
H01M,H02J,0.0133,0,0.055981,0.069557,ASYM
C07D,C07H,0.0132,0,0.01471,0.01537,GPT
A63F,G07F,0.013,0,0.050304,0.039362,ASYM
C08K,B82Y,0.013,0,0.029962,0.034283,SYM
C08J,H01M,0.0129,0,0.033372,0.041852,ASYM
F16K,F02M,0.0129,0,0.039554,0.036839,SYM
G06T,A61B,0.0129,0,0.029103,0.044716,ASYM
B60B,B60C,0.0127,0,0.042138,0.025129,ASYM
G06F,H03M,0.0127,0,0.011499,0.015452,GPT
G01R,G01D,0.0127,0,0.031854,0.038573,ASYM
H05K,H01P,0.0123,0,0.021995,0.011356,GPT
H04B,G01S,0.0122,0,0.027936,0.027665,GPT
C01P,C01G,0.0122,0,0.326506,0.385911,ASYM
H04N,B60R,0.0122,0,0.010069,0.010149,SYM
H01H,B60Q,0.0121,0,0.026003,0.012009,SYM
B23B,B23C,0.012,0,0.151832,0.186503,ASYM
F16L,F24F,0.012,0,0.019891,0.017614,ASYM
H01L,C23C,0.012,0,0.059823,0.056666,ASYM
B41J,H10N,0.0119,0,0.022422,0.031319,ASYM
B60R,F42B,0.0119,0,0.013385,0.013708,GPT
D04H,D01D,0.0118,0,0.087011,0.127459,ASYM
H04W,H04Q,0.0118,0,0.036908,0.01904,ASYM
H05K,C25D,0.0117,0,0.025112,0.023923,GPT
B62D,B60J,0.0117,0,0.031831,0.033862,GPT
C08K,B60C,0.0116,0,0.061135,0.081006,GPT
B01J,B82Y,0.0115,0,0.037476,0.041116,SYM
F01D,F04D,0.0115,0,0.117468,0.102536,SYM
A23V,A23C,0.0114,0,0.164423,0.152709,ASYM
H04B,H04Q,0.0113,0,0.016506,0.022359,ASYM
H04B,H03J,0.0113,0,0.017592,0.00882,GPT
F16B,E04B,0.0112,0,0.045964,0.048411,SYM
H01L,G03F,0.0112,0,0.055223,0.067894,GPT
A61K,C07D,0.011,0,0.094384,0.152512,ASYM
C08G,D01F,0.011,0,0.017582,0.012547,GPT
E04F,F16B,0.011,0,0.037929,0.041987,ASYM
A61P,C07H,0.0109,0,0.023713,0.023059,GPT
H04L,H03F,0.0107,0,0.006594,0.007969,GPT
G06Q,G06K,0.0105,0,0.054648,0.049272,SYM
B82Y,H01F,0.0105,0,0.054995,0.030051,ASYM
C07D,C08F,0.0105,0,0.009357,0.008019,ASYM
B62D,F16F,0.0105,0,0.026546,0.015452,ASYM
H01L,H03H,0.0104,0,0.011925,0.008173,GPT
G06Q,G05B,0.0104,0,0.022678,0.024398,SYM
C08L,A61K,0.0103,0,0.011383,0.011998,GPT
F04B,F04C,0.0102,0,0.079407,0.073693,ASYM
A61M,F16L,0.0101,0,0.012897,0.015218,ASYM
H04L,H04N,0.0101,0,0.064798,0.059722,ASYM
B01D,A61L,0.0101,0,0.016259,0.015716,SYM
H04W,H04H,0.01,0,0.01218,0.009268,GPT
F16H,F16F,0.01,0,0.016735,0.017338,ASYM
G06F,G01C,0.01,0,0.011289,0.016529,GPT
C12N,C12M,0.0099,0,0.010521,0.01832,GPT
H04L,H04H,0.0099,0,0.014346,0.015288,GPT
C07C,C09K,0.0098,0,0.027231,0.0366,ASYM
A61L,C11D,0.0098,0,0.028514,0.020641,ASYM
A47C,B60N,0.0098,0,0.07304,0.078505,ASYM
B65H,G07D,0.0098,0,0.055747,0.055655,GPT
F02B,F01P,0.0098,0,0.044256,0.042246,GPT
G01N,C12M,0.0097,0,0.012493,0.017973,GPT
G02B,C03B,0.0096,0,0.018509,0.012897,GPT
F01N,F02B,0.0096,0,0.118395,0.105827,SYM
A61K,A61M,0.0096,0,0.010243,0.010468,GPT
B62D,F16B,0.0095,0,0.020488,0.013027,ASYM
B21D,B23K,0.0095,0,0.030709,0.028163,ASYM
H04B,H03F,0.0095,0,0.023127,0.028444,GPT
A61K,C12N,0.0094,0,0.133119,0.129998,ASYM
B05B,C23C,0.0094,0,0.015833,0.016721,ASYM
F04B,F05B,0.0093,0,0.040189,0.023256,ASYM
A61K,C08B,0.0093,0,0.008013,0.00824,GPT
H01L,H01J,0.0093,0,0.034315,0.036716,GPT
G06F,G11B,0.0092,0,0.048428,0.038467,ASYM
B60R,E05B,0.0091,0,0.023193,0.027058,GPT
F16H,F15B,0.0091,0,0.021203,0.021687,ASYM
B60B,F16C,0.009,0,0.045589,0.075758,GPT
G06F,H05K,0.009,0,0.011623,0.019903,ASYM
A61P,A01K,0.0089,0,0.016732,0.013069,GPT
C10M,C10N,0.0089,0,0.783582,0.918221,SYM
B65D,B29L,0.0089,0,0.049468,0.054411,SYM
B01J,C07F,0.0089,0,0.038145,0.034898,ASYM
B65D,A45D,0.0088,0,0.03985,0.032548,GPT
H03L,H03B,0.0088,0,0.109344,0.105572,GPT
B65G,B66C,0.0087,0,0.032985,0.02409,GPT
C12Q,C07K,0.0086,0,0.064882,0.055151,ASYM
H04J,H04W,0.0086,0,0.04759,0.053382,GPT
C12N,A01H,0.0086,0,0.008798,0.012336,GPT
G07D,G07F,0.0085,0,0.115458,0.089552,ASYM
G02B,B29D,0.0085,0,0.025802,0.033817,GPT
H02K,H02P,0.0085,0,0.053073,0.06059,ASYM
B01D,B60H,0.0085,0,0.008939,0.005288,GPT
A61P,G01N,0.0085,0,0.044091,0.056781,GPT
A61K,C08F,0.0084,0,0.007412,0.010133,GPT
G01R,H02H,0.0084,0,0.03331,0.049223,GPT
G01B,A61B,0.0084,0,0.013944,0.014668,GPT
A61P,A61L,0.0084,0,0.022618,0.028286,GPT
B01D,C10G,0.0083,0,0.016508,0.018371,GPT
A61N,A61H,0.0083,0,0.046696,0.043846,GPT
B41F,B41N,0.0083,0,0.072464,0.064815,ASYM
H01L,H10H,0.0083,1,0.045675,0.107925,GPT
C07D,G01N,0.0082,0,0.00869,0.010438,SYM
G01N,B03C,0.0081,0,0.009111,0.003892,GPT
B32B,E04C,0.008,0,0.02229,0.022794,GPT
F16K,F15B,0.008,0,0.068873,0.064405,ASYM
B01J,C01B,0.0079,0,0.098053,0.10915,ASYM
B01D,F01M,0.0079,0,0.015848,0.016913,GPT
B29D,A43B,0.0079,0,0.06229,0.061252,GPT
B64D,B60N,0.0078,0,0.060849,0.056542,SYM
C08G,C07C,0.0078,0,0.028531,0.029908,SYM
A61M,B01D,0.0078,0,0.023117,0.022718,SYM
B62D,B60T,0.0077,0,0.063816,0.046296,SYM
F02M,F04B,0.0077,0,0.037437,0.045071,ASYM
A61K,C12Q,0.0077,0,0.021497,0.023034,GPT
G10L,H03M,0.0077,0,0.056489,0.088351,SYM
G09G,H01J,0.0077,0,0.027998,0.012733,ASYM
F02D,F16K,0.0077,0,0.022044,0.016187,ASYM
H04L,G05B,0.0076,0,0.010016,0.013399,GPT
H01M,B60L,0.0075,0,0.042373,0.069346,SYM
A63C,A43B,0.0075,0,0.110482,0.041769,ASYM
C08F,G03F,0.0075,0,0.032917,0.035223,ASYM
C08G,A61L,0.0075,0,0.018337,0.02498,SYM
C08L,H01B,0.0075,0,0.025024,0.03056,GPT
C08F,C07C,0.0074,0,0.027714,0.029163,SYM
B60R,H02J,0.0074,0,0.019694,0.014878,GPT
H10F,H04N,0.0074,0,0.028934,0.036352,GPT
B28D,B23D,0.0074,0,0.097143,0.071795,ASYM
F16H,F01L,0.0074,0,0.021505,0.016927,GPT
G02B,H02G,0.0073,0,0.01617,0.011997,GPT
G01R,G06F,0.0073,0,0.017643,0.012765,GPT
B23Q,F16C,0.0072,0,0.017654,0.017329,SYM
H04W,H01Q,0.0072,0,0.012021,0.007064,GPT
F16D,B60K,0.0072,0,0.036799,0.043371,SYM
H04B,G10L,0.0071,0,0.013514,0.008697,GPT
F05D,F02K,0.0071,0,0.082353,0.11101,GPT
B60W,F02D,0.0071,0,0.054715,0.055731,SYM
A47J,H05B,0.0071,0,0.033988,0.023628,ASYM
F16B,A61B,0.007,0,0.005834,0.002584,GPT
C12P,C12R,0.0069,0,0.121298,0.088793,GPT
H04M,G10L,0.0069,0,0.037803,0.030777,GPT
H10K,H05B,0.0069,0,0.127282,0.199352,ASYM
A61F,A61P,0.0069,0,0.006375,0.008983,GPT
B65H,B41F,0.0069,0,0.062752,0.061605,ASYM
C08F,B01J,0.0069,0,0.037306,0.053168,SYM
C12Q,G01N,0.0068,0,0.179643,0.186541,ASYM
D21G,F16C,0.0068,0,0.030576,0.012476,GPT
A61F,A61N,0.0067,0,0.02178,0.023322,ASYM
G01L,G01D,0.0067,0,0.051774,0.057295,SYM
G01R,H04L,0.0067,0,0.005315,0.003797,GPT
H04N,G01J,0.0067,0,0.010643,0.011123,GPT
F16L,F16J,0.0066,0,0.023268,0.029593,ASYM
A01K,C07K,0.0066,0,0.062774,0.043257,GPT
G02B,G01J,0.0066,0,0.023043,0.021829,GPT
H01J,H05H,0.0066,0,0.040472,0.062657,GPT
H03K,H03L,0.0066,0,0.087204,0.054128,SYM
H04N,A61B,0.0065,0,0.008961,0.015201,SYM
G06Q,H04W,0.0065,0,0.025534,0.028131,ASYM
G06F,G06T,0.0065,0,0.031106,0.036174,ASYM
G06F,A63F,0.0065,0,0.017455,0.01561,GPT
H04B,H01Q,0.0064,0,0.055737,0.044307,GPT
B62D,B60Q,0.0064,0,0.030338,0.02199,ASYM
H01S,B82Y,0.0064,0,0.059532,0.03698,ASYM
A61P,C07B,0.0064,0,0.007462,0.0094,GPT
A61P,C07K,0.0063,0,0.1893,0.191807,ASYM
B60K,B60L,0.0063,0,0.181092,0.239043,ASYM
G05B,F02D,0.0063,0,0.015732,0.011841,ASYM
A61P,C12N,0.0062,0,0.113595,0.125576,ASYM
H01H,H01F,0.0062,0,0.025397,0.033667,SYM
B60G,B60T,0.0062,0,0.0455,0.035062,ASYM
F16H,H02K,0.0062,0,0.037625,0.031621,ASYM
F01D,F05D,0.0062,0,0.526531,0.604232,SYM
H04R,H04S,0.0062,0,0.134387,0.183227,GPT
G02B,B82Y,0.0062,0,0.031079,0.022439,SYM
G01C,G09B,0.0061,0,0.061803,0.066434,GPT
G01B,G01N,0.0061,0,0.022252,0.027509,GPT
C08F,C07F,0.0061,0,0.047187,0.02998,ASYM
B23Q,B25B,0.0061,0,0.046899,0.055079,ASYM
A47B,F25D,0.0061,0,0.045828,0.068317,ASYM
H03G,H03F,0.006,0,0.173693,0.155556,SYM
H02K,H01F,0.006,0,0.026853,0.040431,SYM
B29C,B33Y,0.0059,0,0.024905,0.036016,GPT
F16K,F04B,0.0059,0,0.0338,0.025409,SYM
G11C,H10N,0.0059,0,0.086735,0.088451,SYM
G11B,G10L,0.0059,0,0.02834,0.025361,ASYM
A23L,A23B,0.0059,0,0.083782,0.071372,GPT
B01D,F02M,0.0058,0,0.034161,0.033427,ASYM
F16H,B60T,0.0058,0,0.026482,0.020424,SYM
F01D,C23C,0.0058,0,0.035609,0.037551,SYM
C12N,C11D,0.0057,0,0.020312,0.017893,GPT
G06F,G06K,0.0057,0,0.039644,0.027225,ASYM
F21V,F21Y,0.0057,0,0.411824,0.544409,ASYM
F15B,B60T,0.0057,0,0.02712,0.021287,ASYM
B01J,H01M,0.0056,0,0.025919,0.02701,ASYM
C01P,B82Y,0.0056,0,0.079446,0.096011,ASYM
C09K,G02F,0.0055,0,0.046293,0.059666,SYM
B60R,F16F,0.0055,0,0.016438,0.016222,ASYM
A23L,A23G,0.0055,0,0.114314,0.102016,GPT
F23D,F23R,0.0054,0,0.191388,0.188755,SYM
F16H,F16D,0.0054,0,0.10084,0.108008,SYM
F16K,E03C,0.0054,0,0.026989,0.030094,GPT
E04B,E04H,0.0054,0,0.062099,0.055357,ASYM
F16B,B25B,0.0054,0,0.035576,0.030335,ASYM
E04F,B32B,0.0053,0,0.028951,0.023866,GPT
A47J,F24C,0.0053,0,0.065351,0.047266,SYM
G03F,B41C,0.0053,0,0.083333,0.08724,ASYM
C09D,C09B,0.0053,0,0.071705,0.068409,GPT
F28D,F28F,0.0052,0,0.512216,0.534867,SYM
G06F,G10L,0.0052,0,0.023275,0.016779,GPT
G01S,G01C,0.0052,0,0.068915,0.084042,SYM
A23L,A23D,0.0052,0,0.09061,0.077839,GPT
F16J,F16C,0.0052,0,0.032146,0.040675,ASYM
B23Q,B23D,0.0051,0,0.045562,0.032591,ASYM
C22C,C23C,0.0051,0,0.060208,0.078772,SYM
B23Q,B23P,0.0051,0,0.031496,0.01677,SYM
H05B,C09K,0.0051,0,0.050137,0.099353,SYM
B01J,C10G,0.0051,0,0.065569,0.063835,GPT
F16C,B21B,0.005,0,0.022676,0.011369,GPT
C12Q,C07H,0.005,0,0.055385,0.039756,ASYM
F01D,F16J,0.005,0,0.053792,0.031962,ASYM
H04N,G06V,0.005,0,0.038988,0.034544,GPT
B21D,B21C,0.005,0,0.076752,0.068203,ASYM
C01B,H01M,0.005,0,0.080374,0.085647,SYM
F16J,F02F,0.005,0,0.075787,0.076118,SYM
C09K,E21B,0.0049,0,0.025294,0.022016,ASYM
A23L,A23J,0.0049,0,0.069603,0.059862,GPT
G01N,G01M,0.0049,0,0.011618,0.012921,GPT
C08G,A61K,0.0049,0,0.013036,0.013408,GPT
B29C,B60R,0.0049,0,0.014539,0.014959,ASYM
C08G,G02B,0.0049,0,0.018213,0.02594,SYM
G01R,A61B,0.0049,0,0.016783,0.015155,GPT
F16F,F16D,0.0049,0,0.027919,0.031579,SYM
B01F,B01L,0.0048,0,0.063298,0.059182,SYM
F16B,B60R,0.0048,0,0.026522,0.02476,ASYM
D21H,D21F,0.0048,0,0.071429,0.084095,ASYM
E04B,E06B,0.0048,0,0.056951,0.049251,SYM
B64D,F02C,0.0048,0,0.056255,0.067552,SYM
G01N,B07C,0.0048,0,0.006503,0.007501,GPT
A61B,G16H,0.0048,0,0.044835,0.060979,GPT
H05B,H01J,0.0048,0,0.017901,0.020542,SYM
A61L,A01N,0.0048,0,0.039639,0.030796,ASYM
A61B,G06V,0.0048,0,0.013786,0.014407,GPT
B66F,B65G,0.0047,0,0.029545,0.022293,ASYM
A61L,C02F,0.0047,0,0.026215,0.026591,ASYM
E05Y,E06B,0.0047,0,0.080159,0.075924,ASYM
B01D,F24F,0.0047,0,0.019439,0.018189,GPT
H04B,G06F,0.0047,0,0.018582,0.027778,SYM
A23L,A23P,0.0047,0,0.11682,0.121404,GPT
C01B,C01P,0.0046,0,0.102279,0.09225,SYM
H01H,H02B,0.0046,0,0.062298,0.073991,GPT
A61F,B29C,0.0046,0,0.017416,0.017254,SYM
C08L,B60C,0.0046,0,0.032427,0.051654,GPT
A61B,A61C,0.0046,0,0.023556,0.027713,GPT
A61K,C07F,0.0046,0,0.011188,0.014462,GPT
F02M,F01N,0.0046,0,0.086828,0.065198,SYM
H04N,G03B,0.0046,0,0.06299,0.106286,GPT
C08G,B01D,0.0046,0,0.012104,0.011828,SYM
B60G,F16C,0.0046,0,0.02964,0.026435,ASYM
H05K,C23C,0.0046,0,0.024437,0.016248,SYM
G02B,G03B,0.0046,0,0.044626,0.079304,GPT
G06F,H03K,0.0045,0,0.024836,0.024527,GPT
B01F,C02F,0.0045,0,0.036117,0.03573,SYM
H01L,C09J,0.0045,0,0.016854,0.010179,ASYM
G01N,G01V,0.0045,0,0.010635,0.006946,GPT
B32B,B44C,0.0045,0,0.028654,0.026827,GPT
A45D,A46B,0.0045,0,0.147009,0.148048,ASYM
B65D,B21D,0.0045,0,0.012404,0.013007,GPT
G06F,G05B,0.0045,0,0.017931,0.025336,GPT
B23Q,B25J,0.0044,0,0.039347,0.020747,ASYM
G02B,C08F,0.0044,0,0.017746,0.017366,SYM
A61P,A01N,0.0044,0,0.012204,0.016248,GPT
C08C,C08F,0.0044,0,0.023575,0.043304,GPT
H02P,H02J,0.0044,0,0.047764,0.049025,SYM
E21B,G01V,0.0044,0,0.061315,0.054528,ASYM
C07C,A01N,0.0043,0,0.02612,0.025354,GPT
G01S,G08G,0.0043,0,0.061647,0.054674,ASYM
A61K,C07H,0.0043,0,0.016051,0.018485,GPT
F02M,B60K,0.0043,0,0.024077,0.023633,SYM
F16F,F16C,0.0043,0,0.029827,0.027107,SYM
A61K,A01K,0.0043,0,0.020558,0.01433,GPT
B65B,B65G,0.0043,0,0.095431,0.078467,SYM
C09J,B32B,0.0043,0,0.05092,0.063427,ASYM
A61M,A61J,0.0043,0,0.062161,0.059265,GPT
C12N,C12Q,0.0042,0,0.099556,0.111653,ASYM
F16L,E21B,0.0042,0,0.058492,0.061233,ASYM
B62K,B62M,0.0042,0,0.263158,0.229025,ASYM
B60C,B29D,0.0042,0,0.134957,0.12771,SYM
A23L,A21D,0.0042,0,0.094726,0.075809,GPT
F16C,F04D,0.0042,0,0.028181,0.024696,ASYM
H04B,H03G,0.0042,0,0.02295,0.018232,GPT
C08G,G03F,0.0042,0,0.020638,0.021555,ASYM
F21S,F21W,0.0041,0,0.240046,0.246301,ASYM
F05D,F04D,0.0041,0,0.156766,0.133971,SYM
G11C,B82Y,0.0041,0,0.053406,0.039598,ASYM
C07C,C07F,0.0041,0,0.083878,0.073383,ASYM
G06Q,H04N,0.0041,0,0.037183,0.02346,ASYM
A61P,B82Y,0.0041,0,0.007285,0.008551,GPT
C08K,C09K,0.0041,0,0.03582,0.041341,ASYM
C08G,D06M,0.0041,0,0.019221,0.018229,GPT
A47L,D06F,0.0041,0,0.149296,0.156379,ASYM
G05G,B60K,0.0041,0,0.032688,0.021491,GPT
A61H,A63B,0.004,0,0.080292,0.093168,SYM
B65H,D03D,0.004,0,0.025116,0.010722,GPT
B23Q,B24B,0.004,0,0.068793,0.065585,SYM
A61K,B01J,0.004,0,0.00691,0.006485,GPT
H04B,H04J,0.004,0,0.122849,0.098331,ASYM
F16L,F01N,0.0039,0,0.025184,0.028805,SYM
A23L,A23C,0.0039,0,0.136126,0.127083,GPT
B41M,B42D,0.0039,0,0.073409,0.103093,ASYM
H01R,H02G,0.0039,0,0.055427,0.061626,ASYM
G09G,G02F,0.0039,0,0.08236,0.085339,ASYM
B01J,B01L,0.0039,0,0.055198,0.041578,GPT
G01R,H01M,0.0039,0,0.020687,0.034554,SYM
C09D,C08F,0.0039,0,0.099221,0.090187,SYM
B60R,H05K,0.0038,0,0.013597,0.009855,SYM
A61M,F04D,0.0038,0,0.01087,0.007464,ASYM
H05K,H01F,0.0038,0,0.015982,0.01347,ASYM
G05G,H01H,0.0038,0,0.06511,0.05301,ASYM
C12N,G01N,0.0038,0,0.062656,0.06707,SYM
H01Q,G01S,0.0037,0,0.054409,0.04863,SYM
B24B,B24D,0.0037,0,0.225319,0.179257,ASYM
H01L,H05B,0.0037,0,0.012186,0.017449,ASYM
H02K,F04D,0.0037,0,0.054318,0.044191,SYM
B05B,B05C,0.0037,0,0.071429,0.08624,ASYM
H01M,H01G,0.0037,0,0.061695,0.075323,ASYM
C07C,C11D,0.0037,0,0.016586,0.018022,ASYM
H05B,H02M,0.0037,0,0.029105,0.036678,ASYM
A61M,A61N,0.0037,0,0.041654,0.039992,ASYM
A61P,C12Q,0.0037,0,0.025547,0.031851,GPT
A61L,B65B,0.0036,0,0.01521,0.019027,ASYM
H02P,H02M,0.0036,0,0.091255,0.118477,SYM
H01L,B08B,0.0036,0,0.01518,0.008907,GPT
B63H,B63B,0.0036,0,0.12,0.131926,ASYM
B60G,B62D,0.0036,0,0.075244,0.089437,ASYM
B60K,B60T,0.0036,0,0.07036,0.042213,SYM
C22C,B22D,0.0036,0,0.061843,0.062714,ASYM
C08K,H01B,0.0035,0,0.032249,0.038387,GPT
H04W,G01S,0.0035,0,0.027887,0.028335,GPT
A61P,C07C,0.0035,0,0.058724,0.053229,GPT
A61K,A61J,0.0035,0,0.005457,0.004786,GPT
B01D,F02D,0.0035,0,0.021579,0.014647,SYM
B23Q,G05B,0.0035,0,0.048643,0.037467,SYM
C08L,C08F,0.0035,0,0.165945,0.173187,ASYM
G06Q,G07B,0.0035,0,0.045093,0.032548,GPT
B29C,B29K,0.0035,0,0.328972,0.358585,ASYM
H02M,H02J,0.0035,0,0.105809,0.115808,SYM
F28D,F25B,0.0034,0,0.075826,0.063722,SYM
H01L,G01N,0.0034,0,0.005797,0.00672,SYM
G05G,B60T,0.0034,0,0.071916,0.047886,GPT
H10H,H01S,0.0034,0,0.07669,0.059726,ASYM
G02B,B32B,0.0034,0,0.015715,0.021666,SYM
B60R,B60Q,0.0034,0,0.046723,0.048174,GPT
G01N,G01F,0.0034,0,0.01477,0.014548,GPT
G07B,B41J,0.0034,0,0.024165,0.017083,GPT
F21S,F21Y,0.0033,0,0.282292,0.379262,SYM
H04J,H04L,0.0033,0,0.076428,0.066946,GPT
H01L,G06K,0.0033,0,0.03044,0.02745,ASYM
H04B,H03M,0.0033,0,0.017724,0.017078,GPT
A61K,B82Y,0.0033,0,0.015931,0.015464,GPT
C07F,C07B,0.0033,0,0.067778,0.058088,ASYM
G01R,H01F,0.0033,0,0.038095,0.035289,SYM
F16B,A47B,0.0033,0,0.041608,0.046884,GPT
B62D,F16C,0.0033,0,0.019941,0.01924,SYM
C21D,B21B,0.0032,0,0.064147,0.077299,ASYM
G01S,B60R,0.0032,0,0.021179,0.0138,ASYM
B65H,B26D,0.0032,0,0.039251,0.041185,ASYM
H01L,H10F,0.0032,0,0.04841,0.056156,GPT
B41J,G03G,0.0032,0,0.049325,0.063483,ASYM
C08J,B29C,0.0032,0,0.052703,0.062839,ASYM
B82Y,H01J,0.0031,0,0.036874,0.034772,ASYM
C09D,C04B,0.0031,0,0.020096,0.017124,ASYM
C07K,C12P,0.0031,0,0.038318,0.047284,GPT
C08K,C08L,0.003,0,0.2657,0.319774,SYM
B29C,B29B,0.003,0,0.064006,0.077376,GPT
A61N,A61B,0.003,0,0.104571,0.124495,GPT
A61P,C07F,0.003,0,0.019553,0.018977,GPT
H01R,B60R,0.003,0,0.014945,0.009911,ASYM
B60L,H02J,0.003,0,0.045926,0.068146,SYM
A23L,A23V,0.003,0,0.376142,0.426263,ASYM
G03F,H05K,0.003,0,0.018662,0.013659,ASYM
C08G,B32B,0.003,0,0.022367,0.029111,SYM
B65D,A61J,0.003,0,0.039611,0.055434,GPT
F04B,F05C,0.003,0,0.056881,0.044209,ASYM
G06F,G06Q,0.003,0,0.080079,0.059819,ASYM
G06T,A63F,0.003,0,0.028625,0.013242,GPT
C08J,B29B,0.003,0,0.042974,0.048933,GPT
F02D,F02P,0.0029,0,0.072366,0.066112,GPT
H04N,H04M,0.0029,0,0.032872,0.032813,SYM
F16L,H02G,0.0029,0,0.069945,0.066998,ASYM
B60J,B60R,0.0029,0,0.037537,0.048397,GPT
G06F,H04W,0.0029,0,0.03334,0.034992,SYM
C04B,F16D,0.0029,0,0.019551,0.01414,SYM
B41M,G03G,0.0029,0,0.045333,0.017055,SYM
A61B,G01S,0.0029,0,0.028561,0.031883,ASYM
F04B,F25B,0.0029,0,0.0438,0.026401,SYM
H04N,H04H,0.0029,0,0.057607,0.052802,GPT
G01D,G01P,0.0029,0,0.074318,0.087081,SYM
C08L,A61L,0.0029,0,0.032308,0.028968,ASYM
G01C,G01P,0.0029,0,0.052546,0.054472,ASYM
B65D,B05C,0.0028,0,0.020548,0.018863,GPT
B22D,B22C,0.0028,0,0.116236,0.140071,ASYM
A61L,A61B,0.0028,0,0.037204,0.03921,ASYM
H01L,B24B,0.0028,0,0.036166,0.020957,GPT
A61M,A61P,0.0028,0,0.007816,0.008377,GPT
B01J,C02F,0.0028,0,0.034926,0.035362,GPT
H04N,G08B,0.0028,0,0.013764,0.015184,GPT
C01P,C09C,0.0028,0,0.478908,0.468354,ASYM
H04L,H03L,0.0028,0,0.014632,0.006251,GPT
C12N,A01K,0.0027,0,0.068258,0.051239,GPT
C07K,G01N,0.0027,0,0.100992,0.11402,SYM
B01F,B29B,0.0027,0,0.046971,0.042192,SYM
G01N,H01J,0.0027,0,0.015873,0.019417,GPT
C12N,C12Y,0.0027,0,0.089385,0.118654,GPT
B01F,B01J,0.0027,0,0.042115,0.041267,GPT
B65D,B05B,0.0027,0,0.0543,0.050733,ASYM
C03C,C03B,0.0027,0,0.128458,0.138393,ASYM
G01R,G11C,0.0027,0,0.039337,0.01833,SYM
H03K,H02M,0.0027,0,0.048649,0.063323,SYM
A47C,A61G,0.0026,0,0.138354,0.128499,SYM
C08F,C09K,0.0026,0,0.025402,0.028952,ASYM
G06K,B42D,0.0026,0,0.037923,0.053563,GPT
F28F,F25B,0.0026,0,0.062383,0.056005,SYM
A61L,G01N,0.0026,0,0.009158,0.005589,ASYM
C08F,C04B,0.0026,0,0.015399,0.013879,ASYM
H01L,C30B,0.0026,0,0.033408,0.051774,GPT
E04F,E06B,0.0026,0,0.061611,0.055039,SYM
A22C,A22B,0.0026,0,0.197861,0.140187,ASYM
B60R,B60K,0.0026,0,0.024396,0.029897,SYM
G01N,G01J,0.0026,0,0.028206,0.02486,GPT
C08F,C09J,0.0026,0,0.065873,0.06049,ASYM
B60H,F25B,0.0026,0,0.111614,0.083102,SYM
B29C,B65B,0.0026,0,0.037801,0.037022,GPT
E05D,E06B,0.0025,0,0.081583,0.059971,SYM
G02B,C03C,0.0025,0,0.029181,0.027061,GPT
H01R,G06K,0.0025,0,0.025497,0.010049,SYM
H01S,G02F,0.0025,0,0.044517,0.032145,SYM
B60R,B60T,0.0025,0,0.032617,0.021358,ASYM
F16D,B60T,0.0025,0,0.088389,0.072707,SYM
H01H,H04M,0.0025,0,0.015792,0.020306,ASYM
F16K,F25B,0.0025,0,0.020619,0.010427,SYM
H04L,G11B,0.0025,0,0.011255,0.008782,GPT
H02K,F04B,0.0025,0,0.027619,0.016742,SYM
C23C,C30B,0.0025,0,0.051158,0.041473,GPT
H01Q,H01P,0.0025,0,0.06422,0.05396,ASYM
B64D,B64C,0.0025,0,0.145514,0.167481,SYM
B65D,A47J,0.0025,0,0.030935,0.061142,GPT
F04B,B60T,0.0024,0,0.020202,0.026577,SYM
C08G,B01J,0.0024,0,0.021748,0.017362,SYM
B01F,G01N,0.0024,0,0.015673,0.014674,GPT
B01D,C04B,0.0024,0,0.025382,0.041416,ASYM
H04N,H03M,0.0024,0,0.027315,0.031421,GPT
A61P,A23L,0.0024,0,0.030063,0.034171,GPT
F05B,F03D,0.0024,0,0.428283,0.609929,ASYM
C08J,B29K,0.0023,0,0.059743,0.065249,SYM
C08K,C09J,0.0023,0,0.040689,0.063622,ASYM
H01L,C09K,0.0023,0,0.021408,0.036015,ASYM
A61M,A61L,0.0023,0,0.033579,0.041435,SYM
F16H,F02B,0.0023,0,0.023478,0.018698,SYM
A01D,A01B,0.0022,0,0.143469,0.156863,SYM
C09D,B41J,0.0022,0,0.037959,0.039458,ASYM
B65D,B31B,0.0022,0,0.064388,0.061066,GPT
B01D,C01B,0.0022,0,0.049132,0.054825,ASYM
F24F,F25B,0.0022,0,0.091667,0.075488,SYM
B05C,B05D,0.0022,0,0.066855,0.063174,SYM
B62D,B60K,0.0022,0,0.04924,0.039724,SYM
B62D,F16H,0.0022,0,0.035582,0.034086,SYM
H01R,H02K,0.0022,0,0.033737,0.030787,SYM
G07C,G06V,0.0022,0,0.050241,0.025309,SYM
B05D,C23C,0.0022,0,0.050021,0.050078,ASYM
C09D,B41M,0.0022,0,0.069095,0.069798,ASYM
G01R,H04B,0.0022,0,0.01126,0.008126,GPT
H01L,H01S,0.0022,0,0.023905,0.012227,GPT
H04L,H03M,0.0022,0,0.032537,0.033152,GPT
A61F,D04H,0.0021,0,0.020532,0.029772,GPT
H04J,H04N,0.0021,0,0.015946,0.009518,ASYM
C23C,H01J,0.0021,0,0.078102,0.08152,ASYM
C09K,C04B,0.0021,0,0.035942,0.042423,SYM
B01J,C07B,0.0021,0,0.03759,0.030335,GPT
B65D,A61M,0.0021,0,0.022358,0.021726,SYM
C23C,C25D,0.0021,0,0.045903,0.061181,GPT
H01H,H01R,0.0021,0,0.041828,0.044578,SYM
C03C,C23C,0.0021,0,0.037812,0.03367,ASYM
G06K,H05K,0.0021,0,0.020866,0.018607,ASYM
B29C,B32B,0.0021,0,0.083249,0.087077,SYM
C08G,C09K,0.0021,0,0.041618,0.044348,ASYM
B32B,C04B,0.0021,0,0.035138,0.023342,ASYM
A61F,A61M,0.0021,0,0.090671,0.101498,SYM
B65D,B65G,0.002,0,0.018083,0.012259,ASYM
H04M,H04Q,0.002,0,0.122563,0.062284,SYM
B65D,B65B,0.002,0,0.091195,0.09958,ASYM
F02C,F01D,0.002,0,0.18503,0.201691,ASYM
H01L,G01R,0.002,0,0.027386,0.018008,ASYM
C11D,D06M,0.002,0,0.083906,0.045682,ASYM
G02B,H01R,0.002,0,0.010272,0.006596,ASYM
E04B,E04D,0.002,0,0.083705,0.05804,ASYM
C08K,C09D,0.002,0,0.106069,0.126883,SYM
H05B,F24C,0.002,0,0.087946,0.043443,GPT
C08L,B32B,0.002,0,0.055968,0.058993,SYM
G02B,G03F,0.002,0,0.042392,0.040835,ASYM
B62D,B60W,0.0019,0,0.031965,0.057192,SYM
F16K,G05D,0.0019,0,0.053629,0.05135,ASYM
B32B,B60R,0.0019,0,0.013139,0.013839,SYM
A61K,A61P,0.0019,0,0.549512,0.601853,SYM
A61L,A01M,0.0019,0,0.03691,0.022059,GPT
A61M,B05B,0.0019,0,0.03169,0.026913,ASYM
G01N,C40B,0.0019,0,0.047628,0.020321,GPT
A61L,C08F,0.0019,0,0.017033,0.022512,SYM
B65H,G03G,0.0019,0,0.041926,0.04913,ASYM
A01C,A01B,0.0019,0,0.149153,0.171271,ASYM
A01D,A01F,0.0019,0,0.215259,0.195067,ASYM
G11B,B82Y,0.0019,0,0.05119,0.02537,SYM
F02C,F05D,0.0019,0,0.208897,0.257488,ASYM
B65D,B29C,0.0019,0,0.047103,0.050319,ASYM
B65H,B65B,0.0018,0,0.033537,0.032224,SYM
C07C,C07B,0.0018,0,0.114453,0.104041,GPT
C08G,C08K,0.0018,0,0.090819,0.114119,SYM
B23D,B27B,0.0018,0,0.244353,0.240404,ASYM
B41C,B41M,0.0018,0,0.096491,0.056818,ASYM
C08G,C08F,0.0018,0,0.068679,0.062641,SYM
B60W,F16H,0.0018,0,0.156639,0.130866,SYM
F02B,F01L,0.0018,0,0.073444,0.056784,ASYM
B29C,B29D,0.0018,0,0.104754,0.096182,GPT
H10D,G11C,0.0018,0,0.048193,0.061442,SYM
B41C,B41N,0.0018,0,0.338521,0.257848,SYM
G06F,H01H,0.0018,0,0.016573,0.014681,GPT
F21V,F21W,0.0017,0,0.262948,0.262339,ASYM
F02M,F02B,0.0017,0,0.221627,0.202448,SYM
A61K,C07C,0.0017,0,0.032102,0.03654,GPT
G01N,B82Y,0.0017,0,0.02702,0.027518,ASYM
B60J,E05Y,0.0017,0,0.076923,0.062955,ASYM
G02B,H01S,0.0017,0,0.054454,0.040364,GPT
D04B,D10B,0.0017,0,0.410088,0.279938,SYM
C08G,C09J,0.0017,0,0.058332,0.087902,ASYM
H04N,G06K,0.0017,0,0.029099,0.014405,ASYM
B01J,G01N,0.0017,0,0.043624,0.027257,SYM
B23Q,B23B,0.0017,0,0.137792,0.170606,ASYM
B60W,B60T,0.0017,0,0.13457,0.136935,SYM
G11C,H10B,0.0017,0,0.161443,0.198198,ASYM
E05F,E05D,0.0017,0,0.163787,0.164941,SYM
G06F,G11C,0.0017,0,0.052847,0.050247,GPT
G02B,H05K,0.0017,0,0.011234,0.009284,SYM
D21H,B05C,0.0016,0,0.041109,0.036873,SYM
A61K,A61L,0.0016,0,0.026836,0.030859,GPT
B44C,B41M,0.0016,0,0.056856,0.048032,GPT
B65H,B41J,0.0016,0,0.062609,0.063633,SYM
B26D,B26F,0.0016,0,0.262206,0.304862,ASYM
D01F,D01D,0.0016,0,0.266876,0.370876,ASYM
F02B,F01M,0.0016,0,0.040326,0.030711,GPT
C08G,C07F,0.0016,0,0.026573,0.028123,ASYM
H01B,H05K,0.0016,0,0.037805,0.02869,GPT
B01D,C02F,0.0016,0,0.09352,0.097556,GPT
G11B,G11C,0.0016,0,0.032984,0.027617,ASYM
B29K,B32B,0.0016,0,0.060072,0.071171,SYM
B01D,G01N,0.0016,0,0.020396,0.021542,SYM
D03D,D10B,0.0016,0,0.189142,0.294286,SYM
C22C,B22F,0.0016,0,0.210526,0.195978,ASYM
B29K,B29L,0.0016,0,0.289602,0.322017,SYM
H04J,H04Q,0.0016,0,0.090847,0.098987,SYM
B31B,B65B,0.0016,0,0.102874,0.073738,GPT
H04B,G02F,0.0016,0,0.0125,0.007774,GPT
B29L,B29D,0.0016,0,0.112199,0.108365,ASYM
A61K,C11D,0.0016,0,0.014556,0.013759,GPT
A61Q,C11D,0.0016,0,0.05711,0.068474,ASYM
D01F,D04H,0.0016,0,0.100856,0.121254,SYM
C08J,C08F,0.0015,0,0.080642,0.102608,SYM
G02B,G01N,0.0015,0,0.016844,0.01851,SYM
H04B,H04L,0.0015,0,0.128053,0.152524,ASYM
H04L,G06Q,0.0015,0,0.059066,0.048925,GPT
H01H,H02H,0.0015,0,0.04519,0.054409,GPT
B62D,F16D,0.0015,0,0.015753,0.010957,SYM
F16L,B32B,0.0015,0,0.032158,0.027018,ASYM
C08L,C09K,0.0015,0,0.029587,0.033378,ASYM
A61Q,A61P,0.0015,0,0.041992,0.033741,GPT
B01D,B29C,0.0015,0,0.012075,0.010705,SYM
C07C,C10G,0.0015,0,0.024315,0.029241,GPT
C09D,C09J,0.0015,0,0.053461,0.05001,ASYM
F16L,F16B,0.0015,0,0.027135,0.030476,SYM
C08G,C08J,0.0015,0,0.087857,0.11464,SYM
G06F,G09G,0.0015,0,0.026448,0.035542,GPT
G02B,B23K,0.0014,0,0.012332,0.009123,ASYM
B60R,B60N,0.0014,0,0.103048,0.081858,GPT
C08K,B32B,0.0014,0,0.029381,0.03712,SYM
G01R,G01N,0.0014,0,0.011457,0.017859,GPT
G11B,H03M,0.0014,0,0.037885,0.028571,ASYM
B60W,F16D,0.0014,0,0.051981,0.035027,SYM
G01N,A61B,0.0014,0,0.033365,0.039535,SYM
F02D,B60K,0.0014,0,0.037437,0.035444,SYM
B01D,H01M,0.0014,0,0.026926,0.029372,ASYM
G02B,B41J,0.0014,0,0.017389,0.01055,ASYM
H04N,G02F,0.0014,0,0.012793,0.015882,GPT
H04N,H04W,0.0013,0,0.01615,0.016071,SYM
F16C,F16D,0.0013,0,0.055494,0.055187,SYM
B29L,B32B,0.0013,0,0.045054,0.056639,SYM
F01C,F04C,0.0013,0,0.324873,0.300242,ASYM
C08K,C08F,0.0013,0,0.062126,0.074544,SYM
F02D,F01L,0.0013,0,0.091845,0.088831,GPT
A61F,A61B,0.0013,0,0.20832,0.173022,SYM
H04L,H04M,0.0012,0,0.098573,0.088808,ASYM
H05K,B23K,0.0012,0,0.034225,0.028641,ASYM
D21G,D21F,0.0012,0,0.29484,0.283117,SYM
C07D,C07B,0.0012,0,0.031808,0.031321,GPT
G01N,B01L,0.0012,0,0.109726,0.104422,GPT
C09D,C03C,0.0012,0,0.027687,0.021983,GPT
B65D,A61F,0.0012,0,0.009389,0.009471,SYM
C22C,B23K,0.0012,0,0.040309,0.055025,SYM
H01L,H10B,0.0012,0,0.023079,0.020336,GPT
F16L,F16K,0.0012,0,0.020881,0.015342,SYM
B01D,B01J,0.0012,0,0.126787,0.132767,SYM
A61K,A23L,0.0012,0,0.034816,0.043382,GPT
E05B,E05C,0.0011,0,0.383079,0.392625,ASYM
C09D,C08J,0.0011,0,0.056387,0.061672,SYM
B62D,B60R,0.0011,0,0.08273,0.081752,SYM
H04B,G02B,0.0011,0,0.016586,0.007738,SYM
C04B,C23C,0.0011,0,0.034253,0.037164,SYM
F16H,B60K,0.0011,0,0.123891,0.13991,SYM
B32B,D04H,0.0011,0,0.052096,0.061849,GPT
H01L,B23K,0.0011,0,0.021547,0.022283,ASYM
H04N,G09G,0.0011,0,0.040373,0.050679,GPT
G06T,G06V,0.0011,0,0.167828,0.182498,SYM
F16L,B29C,0.0011,0,0.02722,0.025257,ASYM
G07C,B60R,0.0011,0,0.056033,0.049922,GPT
E04F,E04B,0.0011,0,0.118615,0.111694,SYM
A61K,C07K,0.0011,0,0.213237,0.201807,ASYM
C12N,C07K,0.0011,0,0.290657,0.25448,SYM
B60G,F16F,0.0011,0,0.175529,0.141279,SYM
B29K,B29B,0.0011,0,0.145961,0.141021,ASYM
C09D,C09K,0.0011,0,0.032208,0.030695,ASYM
H04M,H04W,0.001,0,0.126495,0.099305,ASYM
F02D,F01N,0.001,0,0.176906,0.131915,SYM
H01L,H05K,0.001,0,0.118048,0.116558,SYM
C09D,B05D,0.001,0,0.058382,0.056604,GPT
F27B,F27D,0.001,0,0.510204,0.519637,SYM
C22C,C22F,0.001,0,0.156699,0.179988,GPT
H04L,H04W,0.001,0,0.307442,0.428644,ASYM
B65H,B65G,0.001,0,0.03353,0.034408,SYM
B41F,B41P,0.001,0,0.477021,0.502433,ASYM
A61F,B32B,0.001,0,0.02442,0.022727,SYM
E04B,E04C,0.001,0,0.168687,0.19889,SYM
H04N,B41J,0.001,0,0.034124,0.015796,GPT
H04B,H01S,0.001,0,0.029474,0.011478,GPT
E05Y,E05D,0.0009,0,0.558376,0.498352,ASYM
C12N,C12R,0.0009,0,0.056966,0.054038,GPT
C07D,C07F,0.0009,0,0.050332,0.049449,GPT
G06T,H04N,0.0009,0,0.118427,0.12608,ASYM
B41J,B41M,0.0009,0,0.082171,0.129864,SYM
C08L,B29C,0.0009,0,0.029738,0.039375,SYM
G11C,H03K,0.0009,0,0.058311,0.054196,SYM
G11B,H04N,0.0009,0,0.101883,0.102629,ASYM
B32B,H05K,0.0009,0,0.024986,0.022865,SYM
G07C,E05B,0.0009,0,0.068966,0.056429,SYM
H04L,G06F,0.0009,0,0.131209,0.126599,ASYM
G02B,A61B,0.0009,0,0.018824,0.027843,SYM
G06F,H04N,0.0009,0,0.070202,0.078591,SYM
F16H,F16C,0.0009,0,0.04712,0.042913,SYM
C08L,C09D,0.0009,0,0.122225,0.130679,SYM
A61K,A61Q,0.0008,0,0.19697,0.145152,GPT
F24D,F24H,0.0008,0,0.139466,0.168831,SYM
F02D,F02M,0.0008,0,0.234853,0.215297,SYM
B81B,B81C,0.0008,0,0.388601,0.429194,SYM
C07D,A01N,0.0008,0,0.041352,0.042324,GPT
H10D,H10B,0.0008,0,0.156332,0.126266,ASYM
C08G,H01L,0.0008,0,0.01575,0.01741,SYM
G01B,G01D,0.0008,0,0.08249,0.053814,SYM
B01D,F01N,0.0008,0,0.126991,0.136852,ASYM
H01R,H05K,0.0008,0,0.096052,0.067032,ASYM
C08J,A61L,0.0007,0,0.020769,0.023813,SYM
B60W,B60K,0.0007,0,0.312731,0.276255,SYM
G02B,G02F,0.0007,0,0.104297,0.114065,ASYM
C08K,C08J,0.0007,0,0.108429,0.151506,SYM
C07D,C07K,0.0007,0,0.015842,0.013284,SYM
F21S,F21V,0.0007,0,0.399491,0.404217,SYM
F23C,F23D,0.0007,0,0.251969,0.225597,SYM
C21D,C22C,0.0006,0,0.208145,0.213521,ASYM
G01C,G08G,0.0006,0,0.212963,0.198124,SYM
G06Q,G07F,0.0006,0,0.259295,0.167425,ASYM
F02B,F02F,0.0006,0,0.13916,0.073761,GPT
C08L,C08J,0.0006,0,0.147669,0.188445,ASYM
A61M,A61B,0.0006,0,0.149791,0.140058,ASYM
H04B,H04W,0.0006,0,0.179231,0.173701,SYM
A61F,A61L,0.0006,0,0.147262,0.140393,SYM
B65D,B32B,0.0006,0,0.044126,0.042876,SYM
F25D,F25B,0.0006,0,0.169924,0.138203,SYM
A43B,A43C,0.0006,0,0.243986,0.165138,ASYM
C07D,A61P,0.0005,0,0.283513,0.309139,ASYM
C08J,B32B,0.0005,0,0.075308,0.073572,SYM
A61P,C07J,0.0005,0,0.008737,0.006721,GPT
H01L,H10D,0.0004,0,0.149362,0.143448,GPT
E05F,E05Y,0.0004,0,0.528986,0.569729,ASYM
C08L,C09J,0.0004,0,0.110866,0.111499,GPT
F02D,F02B,0.0004,0,0.216676,0.210959,SYM
H04L,H04Q,0.0003,0,0.111808,0.04758,GPT
H01L,G02B,0.0003,0,0.017013,0.014407,SYM
B41J,G06K,0.0003,0,0.074603,0.03745,SYM
C12N,C12P,0.0003,0,0.146422,0.165914,GPT
C07D,C07C,0.0003,0,0.141408,0.121503,ASYM
H04B,H04N,0.0003,0,0.021898,0.019319,SYM
G02B,H04N,0.0003,0,0.056761,0.066727,SYM
C08G,C09D,0.0002,0,0.158469,0.167282,SYM
C08G,C08L,0.0002,0,0.187931,0.225878,SYM
