,A01,A21,A22,A23,A24,A41,A42,A43,A44,A45,A46,A47,A61,A62,A63,A99,B01,B02,B03,B04,B05,B06,B07,B08,B09,B21,B22,B23,B24,B25,B26,B27,B28,B29,B30,B31,B32,B33,B41,B42,B43,B44,B60,B61,B62,B63,B64,B65,B66,B67,B68,B81,B82,C01,C02,C03,C04,C05,C06,C07,C08,C09,C10,C11,C12,C13,C14,C21,C22,C23,C25,C30,C40,D01,D02,D03,D04,D05,D06,D07,D10,D21,E01,E02,E03,E04,E05,E06,E21,F01,F02,F03,F04,F05,F15,F16,F17,F21,F22,F23,F24,F25,F26,F27,F28,F41,F42,G01,G02,G03,G04,G05,G06,G07,G08,G09,G10,G11,G12,G16,G21,H01,H02,H03,H04,H05,H10,Y02,Y04,Y10
A01,4539,1,10,142,2,2,1,0,1,6,2,25,776,0,12,0,124,8,1,0,44,2,15,12,3,2,0,8,3,23,14,63,3,43,20,5,23,0,6,0,1,4,67,0,27,8,1,118,9,3,2,0,6,28,90,5,17,59,1,2075,124,126,9,88,404,0,3,0,3,13,2,1,0,9,1,0,14,0,33,7,8,20,42,30,3,49,5,12,2,2,7,1,9,2,14,67,4,9,0,9,24,17,4,0,7,5,3,160,13,4,1,45,26,8,7,14,4,4,0,0,1,22,8,2,4,7,1,334,0,519
A21,1,440,4,241,0,0,0,0,0,0,0,25,40,0,1,0,20,2,0,1,1,0,2,3,0,1,0,0,0,0,10,0,0,12,6,0,0,0,0,0,0,0,0,0,1,0,0,35,0,1,0,0,0,1,1,0,0,1,0,21,13,6,0,10,59,0,1,0,0,0,0,0,0,0,0,0,0,0,1,0,0,2,0,0,0,0,1,0,0,0,0,0,0,0,0,1,0,1,1,2,29,5,6,2,3,0,0,9,0,0,0,3,1,4,0,0,0,0,0,0,0,0,1,0,0,8,0,14,0,46
A22,10,4,213,31,0,0,0,0,0,0,0,7,4,0,0,0,1,3,0,1,3,0,3,0,0,0,0,5,0,1,4,2,0,19,6,0,12,0,1,0,0,0,0,0,1,0,0,43,0,0,0,0,0,0,1,0,0,0,0,0,21,1,0,0,1,0,1,0,0,1,0,0,0,1,0,0,2,0,1,0,2,1,0,0,0,0,0,0,0,0,0,0,3,0,0,1,0,0,0,0,0,0,0,0,0,1,0,6,0,0,0,1,3,0,0,0,0,1,0,0,0,1,0,0,0,0,0,3,0,78
A23,142,241,31,2627,28,0,0,0,0,2,0,48,694,0,5,0,152,9,5,1,14,0,3,6,1,0,4,2,0,0,10,4,0,33,21,0,16,0,1,0,0,0,3,0,0,0,0,136,0,12,0,0,7,24,28,2,3,17,1,305,113,71,8,180,334,17,1,0,1,3,1,1,0,3,1,0,0,0,12,1,0,17,0,1,0,1,1,0,0,0,2,1,0,0,1,7,1,1,0,5,9,53,29,0,26,1,0,18,2,6,1,1,1,3,0,0,0,0,0,0,1,2,1,1,2,15,1,141,0,396
A24,2,0,0,28,231,0,0,0,1,1,0,0,26,0,0,0,9,2,0,0,4,0,5,0,0,0,0,10,0,0,11,0,0,0,0,2,1,0,1,0,1,0,8,0,0,0,0,24,0,0,0,0,0,1,2,1,1,0,1,26,6,3,0,11,5,0,0,0,0,0,0,0,0,9,0,0,6,0,0,0,1,10,0,0,0,0,0,0,0,0,0,0,0,0,0,0,0,1,0,2,0,0,5,1,0,1,0,10,0,0,1,0,2,0,1,0,0,0,0,0,0,1,1,0,0,4,0,1,0,56
A41,2,0,0,0,0,422,9,11,31,8,0,6,76,27,23,0,12,0,1,0,6,0,0,0,0,3,0,3,0,2,7,0,0,30,2,1,57,0,2,1,0,1,1,0,1,5,5,19,0,1,1,0,0,0,0,0,0,1,0,1,16,7,0,0,0,0,4,0,0,0,0,0,0,10,13,13,61,15,47,2,36,0,1,0,0,1,0,0,1,0,1,0,0,0,1,9,0,2,0,0,0,2,0,0,2,13,0,3,7,1,0,2,7,1,3,2,0,0,0,0,2,2,1,0,0,1,0,4,0,146
A42,1,0,0,0,0,9,65,5,5,2,0,2,5,8,4,0,0,0,0,0,0,0,0,1,0,0,0,0,0,0,0,0,0,5,0,0,3,0,0,0,0,0,3,0,0,0,0,0,0,0,0,0,0,0,0,0,0,0,0,0,3,0,0,0,0,0,0,0,0,0,0,0,0,0,0,0,0,0,0,0,0,0,0,0,0,0,0,0,0,0,0,0,0,0,0,2,0,4,0,0,0,1,0,0,0,10,0,2,7,0,0,0,0,0,1,2,1,0,0,0,0,0,0,0,5,2,0,1,0,16
A43,0,0,0,0,0,11,5,278,2,1,0,7,22,1,87,0,1,0,0,0,3,0,0,0,0,1,0,3,0,3,0,1,0,41,0,0,15,0,0,0,0,0,3,0,8,1,0,4,0,0,0,0,0,0,0,0,0,0,0,0,13,4,0,0,0,0,0,0,0,0,0,0,0,0,0,0,4,2,2,0,1,0,0,0,0,1,0,0,0,0,0,0,0,0,0,9,0,0,0,0,1,0,0,0,2,2,0,7,0,0,0,4,6,2,1,1,0,2,0,0,0,1,1,0,1,4,1,3,0,60
A44,1,0,0,0,1,31,5,2,577,15,1,9,28,1,2,0,0,0,0,0,2,0,0,0,0,8,6,6,5,1,3,0,1,58,0,13,9,0,2,2,1,7,21,0,0,2,3,44,0,0,1,0,0,0,0,0,0,0,0,0,5,4,0,0,0,0,0,0,7,3,3,0,0,0,2,12,32,9,7,0,32,0,1,0,0,2,1,2,1,0,0,0,0,0,0,24,0,1,0,0,0,0,0,0,1,0,0,2,5,0,22,0,2,5,0,10,0,0,0,0,0,4,1,0,0,1,1,0,0,433
A45,6,0,0,2,1,8,2,1,15,420,45,27,61,3,12,0,7,0,0,0,20,0,0,1,0,0,0,2,1,6,11,0,0,15,1,1,2,0,0,6,17,8,4,0,3,4,1,93,0,1,0,0,0,0,1,0,0,0,0,2,2,1,0,0,1,0,0,0,0,0,0,0,0,0,0,0,1,1,4,0,0,0,0,0,1,6,19,1,0,0,0,0,2,0,0,6,0,5,0,4,1,1,1,0,0,4,0,3,3,1,0,5,4,7,2,17,4,2,1,0,0,6,3,0,6,8,0,7,0,92
A46,2,0,0,0,0,0,0,0,1,45,245,11,43,0,0,0,1,0,0,0,7,0,0,6,0,1,0,3,10,6,2,0,0,36,0,0,2,0,1,0,3,6,5,0,0,0,0,15,0,0,0,0,0,0,0,0,1,0,0,0,3,1,0,0,0,0,0,1,0,1,0,0,0,10,3,1,1,0,1,1,1,1,2,0,0,0,0,1,0,0,0,0,0,0,1,13,0,0,0,0,1,0,0,0,0,0,0,1,2,1,0,0,0,0,0,5,0,2,0,0,0,5,1,0,0,1,0,1,0,68
A47,25,25,7,48,0,6,2,7,9,27,11,2122,134,4,16,0,66,6,3,13,52,1,4,36,0,8,2,18,16,30,11,5,3,65,1,11,62,0,6,14,6,10,93,4,20,6,7,224,9,12,15,0,1,0,9,8,9,2,0,1,20,29,0,30,0,0,0,1,3,7,1,0,0,3,3,10,46,4,93,1,10,14,22,3,41,82,77,49,0,1,3,0,24,3,2,234,3,15,10,3,63,72,11,1,9,1,0,54,4,3,0,29,26,42,10,45,4,9,0,2,1,33,56,0,11,96,0,61,1,517
A61,776,40,4,694,26,76,5,22,28,61,43,134,27249,34,73,1,634,7,6,45,210,24,3,20,15,28,36,88,29,54,40,9,3,342,21,19,196,10,22,0,5,5,66,4,28,4,7,360,11,18,1,2,285,169,78,73,68,16,2,11126,1324,503,21,400,2600,7,9,8,43,68,10,4,26,57,8,12,187,0,152,2,56,91,3,1,12,6,6,1,3,4,21,3,114,11,13,258,11,14,6,9,37,35,14,3,14,6,0,1508,231,67,8,90,176,24,37,39,59,25,2,103,99,196,64,33,139,107,18,1142,2,3781
A62,0,0,0,0,0,27,8,1,1,3,0,4,34,476,14,0,59,1,1,0,26,0,0,1,45,2,0,3,1,3,1,0,0,4,0,2,10,0,0,0,0,0,9,6,3,26,23,5,13,0,0,0,1,20,40,5,12,1,5,14,18,20,15,7,19,0,0,2,4,3,0,0,0,2,3,3,4,0,6,1,7,3,1,0,1,9,9,12,0,0,4,1,3,1,4,37,7,4,0,7,15,2,0,3,0,2,5,5,0,1,0,5,0,0,5,4,0,0,0,0,3,3,8,0,0,5,0,42,0,122
A63,12,1,0,5,0,23,4,87,2,12,0,16,73,14,864,0,6,0,0,0,2,0,0,0,0,2,7,3,4,17,0,0,0,39,0,0,16,0,7,2,0,8,11,4,19,13,6,11,3,0,0,0,0,1,0,0,1,0,0,1,19,4,0,0,1,0,0,1,4,2,0,0,0,5,3,2,3,0,5,3,1,0,19,2,0,9,2,1,1,2,3,0,0,0,1,40,1,5,0,0,3,0,0,0,0,12,0,34,10,7,3,27,137,45,4,69,14,12,0,4,1,17,8,2,69,9,0,14,0,167
A99,0,0,0,0,0,0,0,0,0,0,0,0,1,0,0,1,0,0,0,0,0,0,0,0,0,0,0,0,0,0,0,0,0,0,0,0,0,0,0,0,0,0,1,0,0,0,0,0,0,0,0,0,0,0,0,0,0,0,0,1,1,0,0,0,0,0,0,0,0,0,0,0,0,0,0,0,0,0,0,0,0,0,0,0,0,0,0,0,0,0,0,0,0,0,0,0,0,0,0,0,1,1,0,0,1,0,0,0,0,0,0,0,0,0,0,0,0,0,0,0,0,0,0,0,0,0,0,0,0,0
B01,124,20,1,152,9,12,0,1,0,7,1,66,634,59,6,0,10340,18,136,131,155,3,41,43,38,15,82,31,18,7,5,4,58,329,43,10,69,3,37,1,1,16,74,1,1,11,9,135,2,43,0,10,122,1195,644,89,206,45,12,2183,931,199,804,143,322,30,0,32,143,140,77,16,163,82,2,5,68,1,55,0,6,131,9,27,52,18,5,4,44,437,305,9,77,16,28,115,35,4,48,219,88,132,79,45,211,1,3,787,32,55,0,68,13,4,1,5,2,21,0,2,86,236,13,3,2,82,10,2036,0,2063
B02,8,2,3,9,2,0,0,0,0,0,0,6,7,1,0,0,18,235,17,1,0,0,17,0,6,1,7,7,3,0,9,9,2,35,7,0,1,0,1,0,0,0,1,0,0,0,0,9,0,0,0,0,0,5,1,1,11,3,1,0,2,2,2,0,1,1,0,1,6,0,0,0,0,0,0,0,1,0,1,0,0,29,4,6,0,0,0,0,0,0,0,0,2,0,0,10,0,0,0,6,0,1,3,1,0,0,0,2,0,2,0,1,0,0,0,0,0,0,0,0,2,0,2,0,0,0,0,56,0,44
B03,1,0,0,5,0,1,0,0,0,0,0,3,6,1,0,0,136,17,444,14,8,0,57,3,32,0,5,1,2,1,0,1,6,44,2,0,5,0,3,0,1,0,0,0,0,0,0,6,0,0,0,0,5,12,35,2,8,8,0,8,9,11,18,1,16,0,0,1,23,0,1,0,0,1,0,0,4,0,3,0,0,36,2,4,1,1,0,0,1,13,3,0,0,0,1,2,0,0,1,6,11,1,0,1,1,0,0,47,0,3,0,1,0,0,0,0,0,1,0,0,7,25,4,1,1,2,1,180,0,94
B04,0,1,1,1,0,0,0,0,0,0,0,13,45,0,0,0,131,1,14,293,4,0,10,1,0,0,0,2,0,0,0,0,0,2,1,0,0,0,0,0,0,0,0,0,0,0,0,1,0,0,0,0,0,0,6,0,3,0,0,2,1,0,10,5,11,0,0,2,1,1,1,0,0,0,0,0,0,0,1,0,0,10,0,1,0,0,1,0,8,14,3,0,3,0,0,15,0,0,10,18,2,2,6,8,5,0,0,33,0,0,0,2,0,0,0,0,0,1,0,0,0,0,7,0,0,0,0,16,0,45
B05,44,1,3,14,4,6,0,3,2,20,7,52,210,26,2,0,155,0,8,4,2304,6,3,58,0,22,20,26,18,10,10,20,22,162,5,10,71,2,54,9,9,48,43,1,5,4,4,235,0,20,0,0,60,14,8,69,41,2,0,8,206,263,15,3,6,0,7,13,8,155,20,6,3,9,0,0,13,2,55,3,0,103,13,3,26,30,4,11,5,12,30,0,36,6,18,96,3,7,0,43,10,8,18,7,11,5,0,66,29,95,0,23,1,1,2,3,1,28,0,2,3,85,19,2,2,58,6,103,0,552
B06,2,0,0,0,0,0,0,0,0,0,0,1,24,0,0,0,3,0,0,0,6,186,2,3,0,0,0,7,1,2,5,0,3,14,0,0,0,1,0,0,0,0,1,0,0,0,0,8,0,1,0,1,1,0,0,0,1,0,0,0,0,0,0,0,1,0,0,0,0,0,0,0,0,0,0,0,0,0,2,0,0,0,8,9,0,0,0,0,4,1,0,0,0,0,2,5,0,0,0,1,0,0,0,0,0,1,0,46,0,1,1,4,2,0,2,0,47,0,0,0,0,7,6,8,11,1,10,0,0,43
B07,15,2,3,3,5,0,0,0,0,0,0,4,3,0,0,0,41,17,57,10,3,2,444,3,2,4,5,1,0,2,1,2,1,19,0,0,1,0,1,1,6,0,1,1,0,0,0,105,0,1,0,0,0,2,0,2,1,1,0,2,1,1,5,0,2,1,0,0,5,0,1,0,0,5,0,0,1,0,1,0,0,26,5,5,1,0,0,0,6,0,1,0,0,0,0,5,0,0,1,2,0,0,0,4,1,0,1,60,1,7,0,2,44,24,1,0,0,1,0,0,2,4,0,0,1,2,0,50,0,105
B08,12,3,0,6,0,0,1,0,0,1,6,36,20,1,0,0,43,0,3,1,58,3,3,548,8,7,6,27,26,9,1,0,2,24,0,0,5,0,4,0,0,7,15,0,0,10,6,50,0,14,0,0,0,5,12,5,2,0,0,0,5,12,4,20,2,0,0,3,4,39,12,0,0,2,0,2,7,0,12,0,1,4,8,4,14,11,2,0,10,4,4,1,21,5,1,27,4,0,5,4,15,0,12,3,22,0,1,14,8,12,0,7,1,1,1,6,2,6,0,0,7,64,4,1,1,15,0,23,0,94
B09,3,0,0,1,0,0,0,0,0,0,0,0,15,45,0,0,38,6,32,0,0,0,2,8,323,0,0,6,0,1,0,0,0,17,8,0,0,0,0,0,0,0,3,0,2,1,0,7,0,1,0,0,0,7,82,16,23,21,2,2,9,27,20,3,28,0,0,3,25,2,0,1,0,0,0,0,1,0,0,0,0,3,6,24,1,4,0,0,23,4,2,0,0,0,0,6,2,0,0,25,0,1,10,5,0,0,3,1,0,0,0,0,0,0,0,2,0,1,0,0,14,8,1,0,0,3,0,130,0,79
B21,2,1,0,0,0,3,0,1,8,0,1,8,28,2,2,0,15,1,0,0,22,0,4,7,0,1947,83,379,29,53,35,1,4,51,71,6,24,0,6,1,1,11,74,5,45,1,12,168,2,4,2,0,1,2,1,2,8,0,2,2,2,5,12,0,0,0,0,132,58,36,7,0,0,6,0,0,4,1,5,6,2,18,4,3,0,28,10,13,16,45,9,0,7,7,7,272,6,3,2,3,5,12,1,12,113,1,3,45,9,2,1,27,1,0,0,0,0,4,0,1,4,35,21,0,1,13,1,57,0,744
B22,0,0,0,4,0,0,0,0,6,0,0,2,36,0,7,0,82,7,5,0,20,0,5,6,0,83,1565,89,29,3,0,6,19,84,35,0,24,28,7,0,0,0,11,3,9,2,0,16,1,0,0,0,31,53,2,16,150,0,1,9,53,18,5,1,1,0,0,108,486,140,14,11,0,2,0,0,1,0,0,0,0,1,0,1,0,1,1,0,36,43,63,0,3,41,4,96,1,0,1,10,9,4,3,65,13,2,8,33,3,3,0,14,2,0,1,0,0,17,0,1,6,180,8,2,2,42,6,163,0,441
B23,8,0,5,2,10,3,0,3,6,2,3,18,88,3,3,0,31,7,1,2,26,7,1,27,6,379,89,4494,196,303,106,193,107,133,20,4,32,6,54,1,0,25,50,2,50,4,15,79,6,3,2,0,6,2,2,20,69,0,4,9,13,13,3,2,2,1,1,69,110,120,32,5,0,3,0,0,3,1,3,0,0,5,19,12,2,29,11,12,66,117,47,3,13,58,31,412,3,0,17,28,5,10,1,5,76,1,6,156,74,43,1,167,26,6,2,3,2,11,6,1,34,263,81,0,11,252,13,173,0,2183
B24,3,0,0,0,0,0,0,0,5,1,10,16,29,1,4,0,18,3,2,0,18,1,0,26,0,29,29,196,842,21,17,13,41,34,3,1,6,0,8,1,0,7,0,0,2,1,0,11,0,1,0,0,6,9,2,15,28,0,2,2,17,51,1,4,1,0,0,8,18,23,4,2,0,6,1,1,9,0,1,1,3,3,4,0,1,1,1,1,11,9,5,0,1,2,0,38,0,0,2,0,0,2,2,0,3,0,1,26,23,13,2,27,2,0,0,0,0,9,0,0,5,117,7,1,0,3,2,29,0,227
B25,23,0,1,0,0,2,0,3,1,6,6,30,54,3,17,0,7,0,1,0,10,2,2,9,1,53,3,303,21,1345,35,16,10,30,3,1,5,0,4,1,1,1,20,3,21,5,6,41,21,4,0,0,0,1,0,3,1,0,0,2,1,1,0,1,4,0,0,2,0,4,2,0,2,0,0,1,0,0,1,0,0,1,4,7,1,30,4,3,24,14,11,1,2,2,25,223,1,0,7,1,4,0,0,1,2,3,4,47,6,4,0,129,22,0,1,5,2,3,2,0,23,70,43,1,4,11,0,46,0,449
B26,14,10,4,10,11,7,0,0,3,11,2,11,40,1,0,0,5,9,0,0,10,5,1,1,0,35,0,106,17,35,825,16,11,93,3,43,19,0,56,6,1,3,5,0,0,0,0,112,1,2,0,0,0,0,1,7,0,0,1,0,1,1,0,2,0,3,11,0,0,4,2,1,0,1,0,2,4,0,11,0,0,8,0,0,0,2,1,0,2,1,2,0,0,0,3,24,0,0,0,0,0,0,0,0,0,1,3,13,2,9,0,10,6,5,0,2,0,0,0,0,0,10,10,1,1,20,1,9,0,472
B27,63,0,2,4,0,0,0,1,0,0,0,5,9,0,0,0,4,9,1,0,20,0,2,0,0,1,6,193,13,16,16,659,18,45,20,2,31,0,4,4,0,9,7,2,2,1,0,24,0,2,0,0,0,1,1,0,19,0,0,13,73,22,2,3,3,0,2,1,2,1,0,0,0,0,0,0,9,0,6,0,0,21,2,0,1,31,6,10,3,3,5,0,0,0,0,26,0,0,1,1,2,1,7,0,1,0,0,7,0,0,0,3,1,0,0,0,1,0,0,0,2,6,9,0,0,2,1,26,0,237
B28,3,0,0,0,0,0,0,0,1,0,0,3,3,0,0,0,58,2,6,0,22,3,1,2,0,4,19,107,41,10,11,18,605,48,31,1,12,1,4,1,0,12,3,0,0,0,0,11,1,0,0,0,0,3,2,13,99,1,0,0,7,5,4,0,0,0,0,3,5,3,0,4,0,1,0,0,1,0,1,0,0,2,27,17,8,103,2,1,20,7,0,1,2,0,3,23,0,0,0,2,2,0,9,14,2,0,0,8,3,1,0,3,2,1,0,0,0,1,0,0,1,23,4,0,0,3,5,40,0,133
B29,43,12,19,33,0,30,5,41,58,15,36,65,342,4,39,0,329,35,44,2,162,14,19,24,17,51,84,133,34,30,93,45,48,6881,102,129,737,62,57,14,3,65,392,4,55,20,31,680,5,15,7,3,12,9,7,57,50,1,2,14,999,149,20,10,8,0,1,3,13,31,6,2,2,81,15,32,102,3,97,14,33,63,9,13,14,113,10,55,6,16,39,3,33,34,18,592,16,16,0,4,28,14,23,3,43,7,4,128,221,90,2,89,35,4,3,36,11,111,0,0,15,283,83,1,11,160,6,383,0,2320
B30,20,6,6,21,0,2,0,0,0,1,0,1,21,0,0,0,43,7,2,1,5,0,0,0,8,71,35,20,3,3,3,20,31,102,560,4,22,0,5,1,0,11,2,0,0,0,0,39,2,0,0,0,0,1,1,1,4,2,2,0,2,2,3,14,1,1,1,2,3,3,2,0,0,0,1,1,5,0,7,0,2,22,1,1,2,3,0,0,1,1,0,2,0,0,11,38,0,0,0,1,1,2,6,3,3,0,0,11,0,2,0,7,3,1,0,0,1,1,0,0,11,12,1,0,0,14,0,33,0,140
B31,5,0,0,0,2,1,0,0,13,1,0,11,19,2,0,0,10,0,0,0,10,0,0,0,0,6,0,4,1,1,43,2,1,129,4,584,65,0,9,3,3,4,0,0,0,1,1,303,0,0,0,0,0,0,0,0,2,0,0,0,8,8,0,0,0,0,0,0,1,1,0,0,0,1,0,1,7,0,1,0,0,35,0,0,0,5,1,4,0,0,1,0,0,1,0,8,1,0,0,0,0,0,2,0,3,1,0,2,0,1,0,1,0,0,0,27,0,2,0,0,0,1,0,0,0,0,0,4,0,290
B32,23,0,12,16,1,57,3,15,9,2,2,62,196,10,16,0,69,1,5,0,71,0,1,5,0,24,24,32,6,5,19,31,12,737,22,65,3151,3,65,28,1,74,138,7,8,13,20,299,0,0,3,0,8,7,2,93,98,0,0,11,723,323,0,4,1,0,5,5,44,63,11,3,1,21,7,20,182,3,112,2,22,101,15,7,2,189,7,47,2,17,10,1,0,4,3,155,1,5,2,6,13,9,1,2,7,39,2,26,81,53,1,3,21,2,7,37,25,44,0,0,6,142,22,4,2,174,36,128,0,1907
B33,0,0,0,0,0,0,0,0,0,0,0,0,10,0,0,0,3,0,0,0,2,1,0,0,0,0,28,6,0,0,0,0,1,62,0,0,3,112,4,0,0,1,0,0,0,0,1,4,0,0,0,0,1,0,0,1,5,0,0,3,16,4,0,0,0,0,0,0,0,5,0,0,0,1,0,0,0,0,0,0,0,0,0,0,0,0,0,0,0,0,1,0,0,0,2,2,0,0,0,0,0,0,0,0,2,0,0,8,3,26,0,9,8,0,0,2,0,0,0,1,0,5,0,0,2,5,0,24,0,16
B41,6,0,1,1,1,2,0,0,2,0,1,6,22,0,7,0,37,1,3,0,54,0,1,4,0,6,7,54,8,4,56,4,4,57,5,9,65,4,3735,84,4,136,11,2,0,0,0,354,0,0,0,2,20,24,6,22,15,0,0,67,117,278,0,4,2,0,2,2,14,26,57,0,2,5,0,2,4,0,68,0,2,80,0,0,0,1,0,1,0,1,4,0,8,1,4,60,0,1,0,1,5,3,13,0,1,1,1,118,95,495,2,20,334,73,1,57,1,41,1,0,0,101,22,5,239,99,46,23,0,1276
B42,0,0,0,0,0,1,0,0,2,6,0,14,0,0,2,0,1,0,0,0,9,0,1,0,0,1,0,1,1,1,6,4,1,14,1,3,28,0,84,476,4,12,1,0,0,0,0,101,0,0,0,0,1,7,0,3,0,0,0,0,5,22,0,0,0,0,0,0,0,2,0,0,0,0,0,0,0,1,1,0,0,27,0,0,0,0,0,0,0,0,1,0,0,0,0,3,0,2,0,0,2,0,0,0,0,0,0,1,16,67,1,0,76,31,0,26,1,13,0,0,1,6,1,0,5,3,1,2,0,192
B43,1,0,0,0,1,0,0,0,1,17,3,6,5,0,0,0,1,0,1,0,9,0,6,0,0,1,0,0,0,1,1,0,0,3,0,3,1,0,4,4,140,6,0,0,0,0,0,28,0,0,0,0,0,0,0,0,1,0,0,2,4,12,0,0,0,0,0,0,0,1,0,0,0,1,0,0,1,0,0,0,0,0,0,0,0,0,1,0,0,0,0,0,0,0,0,2,0,0,0,0,0,0,0,0,0,0,0,6,3,3,0,0,8,3,0,9,0,0,0,0,0,1,0,0,5,0,0,0,0,34
B44,4,0,0,0,0,1,0,0,7,8,6,10,5,0,8,0,16,0,0,0,48,0,0,7,0,11,0,25,7,1,3,9,12,65,11,4,74,1,136,12,6,511,12,0,1,0,0,24,0,0,0,0,0,2,0,15,24,0,0,0,25,31,0,0,0,0,1,0,1,12,3,0,0,0,0,0,1,0,36,0,0,19,3,0,0,20,0,7,0,0,0,0,0,0,0,4,1,2,2,0,4,1,0,0,0,0,0,5,14,22,1,8,9,3,0,27,1,3,0,0,2,9,0,0,6,7,1,9,0,203
B60,67,0,0,3,8,1,3,3,21,4,5,93,66,9,11,1,74,1,0,0,43,1,1,15,3,74,11,50,0,20,5,7,3,392,2,0,138,0,11,1,0,12,8116,191,772,41,81,109,89,10,1,0,1,10,6,25,2,0,32,16,281,57,4,5,1,0,0,16,16,6,3,0,0,13,16,23,23,1,20,40,24,0,36,39,5,37,206,43,5,168,319,9,103,12,104,1822,26,105,1,21,96,87,0,0,75,16,39,444,67,4,1,279,76,130,99,33,37,17,14,2,0,355,405,31,122,130,9,727,12,2202
B61,0,0,0,0,0,0,0,0,0,0,0,4,4,6,4,0,1,0,0,0,1,0,1,0,0,5,3,2,0,3,0,2,0,4,0,0,7,0,2,0,0,0,191,663,65,9,11,49,12,0,0,0,1,2,1,0,0,0,0,0,1,1,0,1,0,0,0,1,2,0,0,0,0,0,0,0,0,0,0,0,0,0,32,0,3,8,26,6,0,2,2,0,0,0,3,98,0,2,0,0,2,0,0,0,1,0,0,42,0,0,0,9,15,5,27,4,0,2,0,0,0,12,14,3,10,5,0,73,0,40
B62,27,1,1,0,0,1,0,8,0,3,0,20,28,3,19,0,1,0,0,0,5,0,0,0,2,45,9,50,2,21,0,2,0,55,0,0,8,0,0,0,0,1,772,65,1978,9,10,51,40,0,1,0,0,1,0,1,3,0,0,0,8,10,1,0,0,0,0,3,2,2,1,0,0,0,0,0,2,0,0,0,1,0,11,30,0,14,32,4,2,12,32,0,12,1,30,352,1,4,1,0,1,0,0,0,0,5,3,67,1,0,1,36,7,12,6,6,4,1,0,0,2,21,38,6,0,1,1,112,0,564
B63,8,0,0,0,0,5,0,1,2,4,0,6,4,26,13,0,11,0,0,0,4,0,0,10,1,1,2,4,1,5,0,1,0,20,0,1,13,0,0,0,0,0,41,9,9,629,26,23,19,2,0,0,0,1,6,2,2,0,0,2,5,3,1,0,1,0,0,1,0,2,1,0,0,0,0,0,2,0,1,3,1,0,9,50,6,25,5,4,23,11,31,9,14,9,6,93,11,2,0,1,4,6,0,0,2,11,6,29,2,0,4,13,4,1,5,3,7,2,1,0,6,15,14,0,4,1,1,71,0,86
B64,1,0,0,0,0,5,0,0,3,1,0,7,7,23,6,0,9,0,0,0,4,0,0,6,0,12,0,15,0,6,0,0,0,31,0,1,20,1,0,0,0,0,81,11,10,26,905,17,5,5,0,0,0,2,0,1,2,0,1,2,6,8,0,0,0,0,0,0,2,2,1,1,0,1,0,2,2,1,1,0,2,1,11,1,3,16,15,4,0,20,84,16,10,37,18,126,2,13,0,2,19,10,0,0,14,21,32,50,15,2,1,60,6,2,13,10,7,1,1,1,0,25,19,2,13,17,3,239,0,208
B65,118,35,43,136,24,19,0,4,44,93,15,224,360,5,11,0,135,9,6,1,235,8,105,50,7,168,16,79,11,41,112,24,11,680,39,303,299,4,354,101,28,24,109,49,51,23,17,6641,84,149,4,0,3,6,3,50,7,10,0,8,127,67,10,17,14,0,3,29,2,25,16,0,0,101,43,74,39,19,67,10,6,57,28,12,11,44,39,9,19,3,8,0,7,0,12,254,32,2,1,24,10,41,32,30,7,10,14,245,35,258,1,38,92,154,15,78,4,59,0,0,12,81,56,3,34,66,0,209,0,1779
B66,9,0,0,0,0,0,0,0,0,0,0,9,11,13,3,0,2,0,0,0,0,0,0,0,0,2,1,6,0,21,1,0,1,5,2,0,0,0,0,0,0,0,89,12,40,19,5,84,684,4,0,0,0,0,0,0,0,0,0,0,1,0,0,0,1,0,0,0,0,0,1,0,0,0,0,1,0,0,0,10,0,0,10,25,0,28,21,19,10,0,1,0,4,0,46,95,0,1,1,0,0,1,0,0,0,1,0,40,6,0,0,27,2,6,5,2,0,1,0,0,4,20,42,3,1,1,0,22,1,100
B67,3,1,0,12,0,1,0,0,0,1,0,12,18,0,0,0,43,0,0,0,20,1,1,14,1,4,0,3,1,4,2,2,0,15,0,0,0,0,0,0,0,0,10,0,0,2,5,149,4,452,0,0,0,0,5,0,0,0,0,1,2,1,0,1,2,0,0,0,0,4,0,0,0,1,0,0,0,0,1,0,0,0,0,0,3,0,0,0,0,2,1,0,12,1,0,65,11,1,0,0,0,15,0,0,0,0,0,61,1,2,0,13,12,18,2,3,0,1,0,0,0,3,1,0,0,1,0,3,0,125
B68,2,0,0,0,0,1,0,0,1,0,0,15,1,0,0,0,0,0,0,0,0,0,0,0,0,2,0,2,0,0,0,0,0,7,0,0,3,0,0,0,0,0,1,0,1,0,0,4,0,0,40,0,0,0,0,0,0,0,0,0,0,0,0,0,0,0,0,0,0,0,0,0,0,1,0,0,9,1,4,0,0,0,0,0,0,0,0,0,0,0,0,0,0,0,0,1,0,0,0,0,0,0,0,0,0,0,0,0,0,0,0,0,0,0,0,0,0,0,0,0,0,0,0,0,0,0,0,0,0,23
B81,0,0,0,0,0,0,0,0,0,0,0,0,2,0,0,0,10,0,0,0,0,1,0,0,0,0,0,0,0,0,0,0,0,3,0,0,0,0,2,0,0,0,0,0,0,0,0,0,0,0,0,84,6,0,0,0,1,0,0,0,1,1,0,0,0,0,0,0,0,5,0,0,1,0,0,0,0,0,0,0,0,0,0,0,0,0,0,0,0,0,0,0,0,0,2,2,0,0,0,0,0,0,1,0,0,0,0,48,7,2,2,0,2,0,0,1,0,0,0,0,0,31,0,1,5,4,6,2,0,15
B82,6,0,0,7,0,0,0,0,0,0,0,1,285,1,0,0,122,0,5,0,60,1,0,0,0,1,31,6,6,0,0,0,0,12,0,0,8,1,20,1,0,0,1,1,0,0,0,3,0,0,0,6,1365,245,0,24,55,0,0,114,106,120,8,5,73,0,0,1,16,20,2,12,44,25,1,0,2,0,5,0,0,9,1,0,0,0,0,2,0,3,9,0,0,1,0,7,1,1,0,1,3,1,1,1,0,0,0,218,104,83,0,1,12,2,2,3,0,199,0,1,14,443,9,5,16,15,157,68,0,358
C01,28,1,0,24,1,0,0,0,0,0,0,0,169,20,1,0,1195,5,12,0,14,0,2,5,7,2,53,2,9,1,0,1,3,9,1,0,7,0,24,7,0,2,10,2,1,1,2,6,0,0,0,0,245,3253,89,82,256,16,13,329,288,626,165,82,13,1,1,16,198,84,52,39,3,21,1,0,2,0,13,0,0,80,2,2,1,0,0,1,0,14,16,1,3,2,0,6,16,0,6,28,10,58,4,6,28,0,1,28,17,33,0,5,2,1,0,1,0,55,0,0,36,368,1,0,1,24,23,872,0,579
C02,90,1,1,28,2,0,0,0,0,1,0,9,78,40,0,0,644,1,35,6,8,0,0,12,82,1,2,2,2,0,1,1,2,7,1,0,2,0,6,0,0,0,6,1,0,6,0,3,0,5,0,0,0,89,1634,3,13,34,1,43,135,81,28,55,110,5,2,1,17,54,40,0,0,1,0,0,1,0,13,0,0,53,2,15,25,1,0,0,8,3,7,3,8,1,0,14,2,0,3,13,12,6,11,1,10,0,1,22,2,12,1,17,0,0,0,0,0,0,0,0,15,14,1,0,1,2,1,652,0,359
C03,5,0,0,2,1,0,0,0,0,0,0,8,73,5,0,0,89,1,2,0,69,0,2,5,16,2,16,20,15,3,7,0,13,57,1,0,93,1,22,3,0,15,25,0,1,2,1,50,0,0,0,0,24,82,3,1884,198,2,0,30,163,166,11,2,11,0,2,14,19,167,6,17,4,26,4,4,30,0,24,0,5,11,5,1,0,15,0,16,1,3,1,0,1,0,2,18,1,5,0,45,22,0,3,40,9,0,0,37,269,26,2,20,3,0,0,3,1,26,0,0,21,183,2,2,1,84,14,275,0,642
C04,17,0,0,3,1,0,0,0,0,0,1,9,68,12,1,0,206,11,8,3,41,1,1,2,23,8,150,69,28,1,0,19,99,50,4,2,98,5,15,0,1,24,2,0,3,2,2,7,0,0,0,1,55,256,13,198,2554,6,0,42,336,303,21,9,4,0,3,26,84,174,52,30,1,42,2,0,18,0,21,0,1,36,29,9,2,93,5,1,29,46,33,0,1,19,0,116,1,2,1,26,10,4,8,131,16,4,1,37,10,9,4,3,0,1,0,2,1,23,0,0,22,392,4,2,3,136,98,459,0,631
C05,59,1,0,17,0,1,0,0,0,0,0,2,16,1,0,0,45,3,8,0,2,0,1,0,21,0,0,0,0,0,0,0,1,1,2,0,0,0,0,0,0,0,0,0,0,0,0,10,0,0,0,0,0,16,34,2,6,341,3,18,19,28,6,6,28,0,0,1,1,1,0,0,0,0,0,0,0,0,3,0,0,10,0,0,0,3,0,0,1,0,0,0,0,0,0,2,0,0,0,3,2,0,9,0,0,0,0,3,0,1,0,1,0,0,0,0,0,0,0,0,0,0,0,0,0,0,0,194,0,55
C06,1,0,0,1,1,0,0,0,0,0,0,0,2,5,0,0,12,1,0,0,0,0,0,0,2,2,1,4,2,0,1,0,0,2,2,0,0,0,0,0,0,0,32,0,0,0,1,0,0,0,0,0,0,13,1,0,0,3,192,8,9,7,1,0,1,0,0,1,0,2,0,0,0,0,0,0,0,0,0,0,0,0,0,0,0,0,0,0,2,0,5,0,0,1,0,0,1,0,0,1,0,1,1,0,0,0,42,1,0,0,0,1,0,0,0,0,0,1,0,0,0,4,0,0,0,0,1,1,0,30
C07,2075,21,0,305,26,1,0,0,0,2,0,1,11126,14,1,1,2183,0,8,2,8,0,2,0,2,2,9,9,2,2,0,13,0,14,0,0,11,3,67,0,2,0,16,0,0,2,2,8,0,1,0,0,114,329,43,30,42,18,8,22386,1958,1017,465,496,2980,21,12,0,26,80,65,8,144,16,1,0,3,0,138,0,0,62,0,2,1,1,0,1,2,11,32,1,3,3,1,10,3,4,1,4,4,29,4,2,14,1,0,999,98,386,0,5,19,1,0,5,0,55,0,10,5,106,1,3,10,53,57,2314,0,1973
C08,124,13,21,113,6,16,3,13,5,2,3,20,1324,18,19,1,931,2,9,1,206,0,1,5,9,2,53,13,17,1,1,73,7,999,2,8,723,16,117,5,4,25,281,1,8,5,6,127,1,2,0,1,106,288,135,163,336,19,9,1958,15224,3977,357,194,171,16,45,4,12,108,35,3,8,266,10,5,90,0,358,8,13,311,54,6,1,49,4,7,14,1,25,0,6,3,2,132,11,8,2,4,9,11,6,2,12,4,8,101,382,582,0,6,10,1,1,16,11,143,0,0,13,747,15,3,10,297,55,605,0,4407
C09,126,6,1,71,3,7,0,4,4,1,1,29,503,20,4,0,199,2,11,0,263,0,1,12,27,5,18,13,51,1,1,22,5,149,2,8,323,4,278,22,12,31,57,1,10,3,8,67,0,1,0,1,120,626,81,166,303,28,7,1017,3977,8243,168,208,52,3,21,2,13,201,22,4,0,26,1,0,21,0,380,1,2,197,25,15,1,39,0,8,76,7,10,0,8,1,0,58,18,16,1,4,21,41,6,3,38,0,1,81,321,363,0,1,18,3,2,38,2,107,0,0,58,382,8,2,8,206,105,240,0,2454
C10,9,0,0,8,0,0,0,0,0,0,0,0,21,15,0,0,804,2,18,10,15,0,5,4,20,12,5,3,1,0,0,2,4,20,3,0,0,0,0,0,0,0,4,0,1,1,0,10,0,0,0,0,8,165,28,11,21,6,1,465,357,168,2566,32,11,0,1,23,20,55,3,0,0,24,1,0,0,1,9,1,0,5,6,0,0,0,0,0,5,16,100,1,14,5,4,24,21,0,12,78,1,22,16,25,29,0,1,20,8,3,1,1,1,0,0,2,0,10,0,0,1,37,2,0,1,2,0,343,0,293
C11,88,10,0,180,11,0,0,0,0,0,0,30,400,7,0,0,143,0,1,5,3,0,0,20,3,0,1,2,4,1,2,3,0,10,14,0,4,0,4,0,0,0,5,1,0,0,0,17,0,1,0,0,5,82,55,2,9,6,0,496,194,208,32,1717,147,2,8,0,0,90,1,1,0,2,0,0,3,0,192,0,0,53,0,0,0,1,0,0,2,1,3,0,0,0,0,3,0,2,0,1,0,2,10,0,2,1,0,9,2,22,0,0,4,0,0,0,0,1,0,0,0,17,1,0,2,13,1,52,0,151
C12,404,59,1,334,5,0,0,0,0,1,0,0,2600,19,1,0,322,1,16,11,6,1,2,2,28,0,1,2,1,4,0,3,0,8,1,0,1,0,2,0,0,0,1,0,0,1,0,14,1,2,0,0,73,13,110,11,4,28,1,2980,171,52,11,147,6599,23,5,0,4,2,4,2,106,8,0,0,1,0,33,0,0,32,0,0,1,2,0,0,2,0,7,0,0,0,0,2,1,1,0,1,5,6,4,0,1,1,0,1119,17,6,1,2,13,0,0,1,1,14,0,14,0,21,2,2,3,2,6,519,0,1615
C13,0,0,0,17,0,0,0,0,0,0,0,0,7,0,0,0,30,1,0,0,0,0,1,0,0,0,0,1,0,0,3,0,0,0,1,0,0,0,0,0,0,0,0,0,0,0,0,0,0,0,0,0,0,1,5,0,0,0,0,21,16,3,0,2,23,98,0,0,0,1,0,0,0,0,0,0,0,0,0,0,0,6,0,0,0,0,0,0,0,0,0,1,0,0,1,0,0,0,0,0,0,0,0,0,2,0,0,3,0,0,0,1,0,0,0,0,0,0,0,0,0,0,0,0,0,0,0,12,0,16
C14,3,1,1,1,0,4,0,0,0,0,0,0,9,0,0,0,0,0,0,0,7,0,0,0,0,0,0,1,0,0,11,2,0,1,1,0,5,0,2,0,0,1,0,0,0,0,0,3,0,0,0,0,0,1,2,2,3,0,0,12,45,21,1,8,5,0,122,0,0,2,0,0,0,0,1,0,4,0,32,0,0,8,0,0,0,0,0,0,0,0,0,0,0,0,0,0,0,0,0,0,0,0,3,0,0,0,0,0,0,0,0,3,5,0,0,0,0,0,0,0,0,0,0,0,0,0,0,2,0,25
C21,0,0,0,0,0,0,0,0,0,0,1,1,8,2,1,0,32,1,1,2,13,0,0,3,3,132,108,69,8,2,0,1,3,3,2,0,5,0,2,0,0,0,16,1,3,1,0,29,0,0,0,0,1,16,1,14,26,1,1,0,4,2,23,0,0,0,0,1336,425,80,10,2,0,2,0,0,0,0,0,10,0,1,5,2,0,3,0,0,6,22,6,0,3,10,0,45,1,0,3,33,1,8,4,304,9,1,0,28,2,1,0,6,1,0,3,1,0,1,0,0,5,64,2,1,0,56,1,415,0,186
C22,3,0,0,1,0,0,0,0,7,0,0,3,43,4,4,0,143,6,23,1,8,0,5,4,25,58,486,110,18,0,0,2,5,13,3,1,44,0,14,0,0,1,16,2,2,0,2,2,0,0,0,0,16,198,17,19,84,1,0,26,12,13,20,0,4,0,0,425,2106,167,44,16,0,2,0,0,0,0,0,6,0,3,3,4,0,2,0,0,15,50,33,0,10,37,0,65,3,0,4,16,1,3,3,83,20,2,7,9,6,4,4,0,1,0,7,1,1,13,0,0,58,271,7,2,2,23,13,626,0,476
C23,13,0,1,3,0,0,0,0,3,0,1,7,68,3,2,0,140,0,0,1,155,0,0,39,2,36,140,120,23,4,4,1,3,31,3,1,63,5,26,2,1,12,6,0,2,2,2,25,0,4,0,5,20,84,54,167,174,1,2,80,108,201,55,90,2,1,2,80,167,2777,139,133,1,4,0,0,1,1,22,5,0,8,1,1,3,5,0,1,13,71,30,0,15,44,1,93,5,3,7,11,17,7,9,18,23,1,0,44,62,44,4,13,5,1,0,0,0,43,0,0,20,703,4,1,4,243,104,226,0,828
C25,2,0,0,1,0,0,0,0,3,0,0,1,10,0,0,0,77,0,1,1,20,0,1,12,0,7,14,32,4,2,2,0,0,6,2,0,11,0,57,0,0,3,3,0,1,1,1,16,1,0,0,0,2,52,40,6,52,0,0,65,35,22,3,1,4,0,0,10,44,139,972,1,0,5,2,0,0,0,6,4,0,1,0,1,0,0,0,0,3,2,10,0,0,4,2,20,0,1,5,1,4,1,2,3,4,1,0,32,10,14,0,1,3,0,0,1,0,4,0,0,14,200,4,0,0,107,12,231,0,221
C30,1,0,0,1,0,0,0,0,0,0,0,0,4,0,0,0,16,0,0,0,6,0,0,0,1,0,11,5,2,0,1,0,4,2,0,0,3,0,0,0,0,0,0,0,0,0,1,0,0,0,0,0,12,39,0,17,30,0,0,8,3,4,0,1,2,0,0,2,16,133,1,545,0,2,0,0,1,0,1,0,0,0,0,0,0,0,0,0,0,3,1,0,0,1,0,3,1,1,0,0,1,3,0,4,2,0,0,11,24,2,0,0,1,0,1,0,0,2,0,1,2,162,0,1,1,14,64,31,0,292
C40,0,0,0,0,0,0,0,0,0,0,0,0,26,0,0,0,163,0,0,0,3,0,0,0,0,0,0,0,0,2,0,0,0,2,0,0,1,0,2,0,0,0,0,0,0,0,0,0,0,0,0,1,44,3,0,4,1,0,0,144,8,0,0,0,106,0,0,0,0,1,0,0,236,0,0,0,0,0,0,0,0,0,0,0,0,0,0,0,0,0,4,0,3,0,0,0,0,0,0,0,0,0,0,0,2,0,0,98,2,5,0,1,3,0,0,0,0,10,0,1,0,12,2,0,0,3,6,12,0,54
D01,9,0,1,3,9,10,0,0,0,0,10,3,57,2,5,0,82,0,1,0,9,0,5,2,0,6,2,3,6,0,1,0,1,81,0,1,21,1,5,0,1,0,13,0,0,0,1,101,0,1,1,0,25,21,1,26,42,0,0,16,266,26,24,2,8,0,0,2,2,4,5,2,0,1231,105,17,164,0,86,7,28,33,0,0,0,5,0,0,0,2,2,0,1,0,0,24,0,0,0,1,2,0,1,4,1,0,0,20,16,1,0,4,1,1,0,3,2,3,0,0,0,35,4,0,2,7,4,51,0,448
D02,1,0,0,1,0,13,0,0,2,0,3,3,8,3,3,0,2,0,0,0,0,0,0,0,0,0,0,0,1,0,0,0,0,15,1,0,7,0,0,0,0,0,16,0,0,0,0,43,0,0,0,0,1,1,0,4,2,0,0,1,10,1,1,0,0,0,1,0,0,0,2,0,0,105,308,31,29,3,31,15,64,6,0,0,0,3,0,0,0,0,0,0,0,0,0,10,0,0,0,1,0,0,3,0,0,2,0,10,2,0,0,0,2,0,1,1,0,0,0,0,0,2,1,0,0,6,0,3,0,123
D03,0,0,0,0,0,13,0,0,12,0,1,10,12,3,2,0,5,0,0,0,0,0,0,2,0,0,0,0,1,1,2,0,0,32,1,1,20,0,2,0,0,0,23,0,0,0,2,74,1,0,0,0,0,0,0,4,0,0,0,0,5,0,0,0,0,0,0,0,0,0,0,0,0,17,31,415,48,2,26,2,124,27,1,3,0,5,0,2,1,0,0,0,0,0,0,27,0,1,0,2,0,0,0,0,0,4,0,10,2,0,0,4,2,1,0,1,0,0,0,0,1,4,9,2,0,12,1,1,0,169
D04,14,0,2,0,6,61,0,4,32,1,1,46,187,4,3,0,68,1,4,0,13,0,1,7,1,4,1,3,9,0,4,9,1,102,5,7,182,0,4,0,1,1,23,0,2,2,2,39,0,0,9,0,2,2,1,30,18,0,0,3,90,21,0,3,1,0,4,0,0,1,0,1,0,164,29,48,1113,17,126,9,217,51,3,4,0,32,0,0,1,5,0,0,0,0,0,36,1,0,0,2,7,0,0,1,3,4,3,7,3,1,0,1,3,0,0,1,3,0,0,0,0,23,5,0,1,9,2,31,0,521
D05,0,0,0,0,0,15,0,2,9,1,0,4,0,0,0,0,1,0,0,0,2,0,0,0,0,1,0,1,0,0,0,0,0,3,0,0,3,0,0,1,0,0,1,0,0,0,1,19,0,0,1,0,0,0,0,0,0,0,0,0,0,0,1,0,0,0,0,0,0,1,0,0,0,0,3,2,17,148,16,0,13,0,1,0,0,0,0,0,1,0,0,0,0,0,1,3,0,0,0,0,0,0,0,0,0,0,0,5,1,0,0,13,0,1,0,1,0,0,0,0,0,1,8,0,0,1,0,4,0,26
D06,33,1,1,12,0,47,0,2,7,4,1,93,152,6,5,0,55,1,3,1,55,2,1,12,0,5,0,3,1,1,11,6,1,97,7,1,112,0,68,1,0,36,20,0,0,1,1,67,0,1,4,0,5,13,13,24,21,3,0,138,358,380,9,192,33,0,32,0,0,22,6,1,0,86,31,26,126,16,2026,3,22,143,4,0,1,42,7,1,0,0,1,0,5,0,0,56,0,0,6,1,7,7,24,0,4,4,0,31,12,15,0,26,14,3,3,6,0,2,0,0,3,35,22,6,5,22,0,63,1,693
D07,7,0,0,1,0,2,0,0,0,0,1,1,2,1,3,0,0,0,0,0,3,0,0,0,0,6,0,0,1,0,0,0,0,14,0,0,2,0,0,0,0,0,40,0,0,3,0,10,10,0,0,0,0,0,0,0,0,0,0,0,8,1,1,0,0,0,0,10,6,5,4,0,0,7,15,2,9,0,3,158,5,1,8,2,0,6,0,0,2,0,0,0,0,0,0,14,0,1,0,0,0,0,0,0,0,1,0,6,6,0,0,0,1,0,0,0,0,0,0,0,0,13,2,0,0,0,0,1,0,62
D10,8,0,2,0,1,36,0,1,32,0,1,10,56,7,1,0,6,0,0,0,0,0,0,1,0,2,0,0,3,0,0,0,0,33,2,0,22,0,2,0,0,0,24,0,1,1,2,6,0,0,0,0,0,0,0,5,1,0,0,0,13,2,0,0,0,0,0,0,0,0,0,0,0,28,64,124,217,13,22,5,381,13,2,5,0,3,0,0,1,0,0,0,0,0,0,12,0,0,0,1,4,0,0,0,0,4,0,2,3,0,0,0,3,0,2,1,0,0,0,0,1,2,1,0,0,8,0,4,0,172
D21,20,2,1,17,10,0,0,0,0,0,1,14,91,3,0,0,131,29,36,10,103,0,26,4,3,18,1,5,3,1,8,21,2,63,22,35,101,0,80,27,0,19,0,0,0,0,1,57,0,0,0,0,9,80,53,11,36,10,0,62,311,197,5,53,32,6,8,1,3,8,1,0,0,33,6,27,51,0,143,1,13,1807,0,0,0,9,0,0,0,2,3,0,6,4,1,87,0,0,2,10,2,0,51,1,18,0,0,29,3,31,0,11,10,17,0,0,3,2,0,0,2,18,0,0,2,13,0,175,0,567
E01,42,0,0,0,0,1,0,0,1,0,2,22,3,1,19,0,9,4,2,0,13,8,5,8,6,4,0,19,4,4,0,2,27,9,1,0,15,0,0,0,0,3,36,32,11,9,11,28,10,0,0,0,1,2,2,5,29,0,0,0,54,25,6,0,0,0,0,5,3,1,0,0,0,0,0,1,3,1,4,8,2,0,734,86,8,137,11,3,4,0,3,2,1,1,1,32,0,11,0,2,3,3,3,0,0,0,3,14,12,0,0,5,0,0,12,8,6,0,0,0,0,7,6,1,1,7,2,40,0,130
E02,30,0,0,1,0,0,0,0,0,0,0,3,1,0,2,0,27,6,4,1,3,9,5,4,24,3,1,12,0,7,0,0,17,13,1,0,7,0,0,0,0,0,39,0,30,50,1,12,25,0,0,0,0,2,15,1,9,0,0,2,6,15,0,0,0,0,0,2,4,1,1,0,0,0,0,3,4,0,0,2,5,0,86,847,26,99,2,5,97,5,7,7,19,5,76,83,1,0,0,0,2,1,0,0,1,5,1,28,3,0,0,17,1,1,1,1,0,1,0,0,1,2,17,0,0,0,0,118,0,143
E03,3,0,0,0,0,0,0,0,0,1,0,41,12,1,0,0,52,0,1,0,26,0,1,14,1,0,0,2,1,1,0,1,8,14,2,0,2,0,0,0,0,0,5,3,0,6,3,11,0,3,0,0,0,1,25,0,2,0,0,1,1,1,0,0,1,0,0,0,0,3,0,0,0,0,0,0,0,0,1,0,0,0,8,26,512,24,1,0,13,0,0,3,9,2,3,148,1,4,0,0,11,1,0,0,0,0,1,18,6,0,0,25,2,0,3,0,0,0,1,0,0,2,7,2,2,3,0,61,0,135
E04,49,0,0,1,0,1,0,1,2,6,0,82,6,9,9,0,18,0,1,0,30,0,0,11,4,28,1,29,1,30,2,31,103,113,3,5,189,0,1,0,0,20,37,8,14,25,16,44,28,0,0,0,0,0,1,15,93,3,0,1,49,39,0,1,2,0,0,3,2,5,0,0,0,5,3,5,32,0,42,6,3,9,137,99,24,2240,28,168,23,3,7,1,7,1,1,287,3,22,1,3,103,12,5,6,9,2,4,12,5,0,0,2,4,4,3,29,21,2,0,0,7,24,62,0,5,17,9,178,0,491
E05,5,1,0,1,0,0,0,0,1,19,0,77,6,9,2,0,5,0,0,1,4,0,0,2,0,10,1,11,1,4,1,6,2,10,0,1,7,0,0,0,1,0,206,26,32,5,15,39,21,0,0,0,0,0,0,0,5,0,0,0,4,0,0,0,0,0,0,0,0,0,0,0,0,0,0,0,0,0,7,0,0,0,11,2,1,28,2144,183,1,1,3,2,2,0,11,157,0,2,0,0,17,21,0,0,1,5,0,14,3,1,1,19,14,125,34,5,1,7,0,0,0,56,98,6,16,12,1,15,0,564
E06,12,0,0,0,0,0,0,0,2,1,1,49,1,12,1,0,4,0,0,0,11,0,0,0,0,13,0,12,1,3,0,10,1,55,0,4,47,0,1,0,0,7,43,6,4,4,4,9,19,0,0,0,2,1,0,16,1,0,0,1,7,8,0,0,0,0,0,0,0,1,0,0,0,0,0,2,0,0,1,0,0,0,3,5,0,168,183,768,0,2,0,2,2,0,1,66,0,10,0,0,35,3,1,0,2,0,0,5,19,1,0,9,2,4,4,5,0,1,0,0,1,8,18,1,5,12,2,69,1,151
E21,2,0,0,0,0,1,0,0,1,0,0,0,3,0,1,0,44,0,1,8,5,4,6,10,23,16,36,66,11,24,2,3,20,6,1,0,2,0,0,0,0,0,5,0,2,23,0,19,10,0,0,0,0,0,8,1,29,1,2,2,14,76,5,2,2,0,0,6,15,13,3,0,0,0,0,1,1,1,0,2,1,0,4,97,13,23,1,0,940,2,3,3,25,0,10,234,6,0,0,2,11,1,1,1,4,1,18,110,5,1,0,6,1,0,1,0,1,0,0,0,3,6,19,0,5,4,2,27,1,207
F01,2,0,0,0,0,0,0,0,0,0,0,1,4,0,2,0,437,0,13,14,12,1,0,4,4,45,43,117,9,14,1,3,7,16,1,0,17,0,1,0,0,0,168,2,12,11,20,3,0,2,0,0,3,14,3,3,46,0,0,11,1,7,16,1,0,0,0,22,50,71,2,3,0,2,0,0,5,0,0,0,0,2,0,5,0,3,1,2,2,3214,1210,30,323,443,18,482,3,1,34,65,17,32,1,4,93,1,2,57,3,0,0,43,1,5,0,0,15,0,0,0,4,44,32,3,3,22,2,1137,1,622
F02,7,0,0,2,0,1,0,0,0,0,0,3,21,4,3,0,305,0,3,3,30,0,1,4,2,9,63,47,5,11,2,5,0,39,0,1,10,1,4,1,0,0,319,2,32,31,84,8,1,1,0,0,9,16,7,1,33,0,5,32,25,10,100,3,7,0,0,6,33,30,10,1,4,2,0,0,0,0,1,0,0,3,3,7,0,7,3,0,3,1210,4938,5,148,485,21,583,9,0,5,151,13,29,0,1,45,3,22,221,3,6,0,97,26,12,5,2,19,4,0,0,2,149,127,30,12,15,25,1964,0,607
F03,1,0,0,1,0,0,0,0,0,0,0,0,3,1,0,0,9,0,0,0,0,0,0,1,0,0,0,3,0,1,0,0,1,3,2,0,1,0,0,0,0,0,9,0,0,9,16,0,0,0,0,0,0,1,3,0,0,0,0,1,0,0,1,0,0,1,0,0,0,0,0,0,0,0,0,0,0,0,0,0,0,0,2,7,3,1,2,2,3,30,5,268,27,101,6,28,0,1,3,0,11,2,0,0,5,0,0,4,1,1,1,4,0,0,1,1,1,1,0,0,1,8,20,0,0,9,1,190,0,35
F04,9,0,3,0,0,0,0,0,0,2,0,24,114,3,0,0,77,2,0,3,36,0,0,21,0,7,3,13,1,2,0,0,2,33,0,0,0,0,8,0,0,0,103,0,12,14,10,7,4,12,0,0,0,3,8,1,1,0,0,3,6,8,14,0,0,0,0,3,10,15,0,0,3,1,0,0,0,0,5,0,0,6,1,19,9,7,2,2,25,323,148,27,1827,319,35,342,5,1,5,9,43,101,0,2,17,0,0,59,1,0,0,42,2,1,0,1,0,1,0,1,4,29,167,0,2,5,3,121,0,454
F05,2,0,0,0,0,0,0,0,0,0,0,3,11,1,0,0,16,0,0,0,6,0,0,5,0,7,41,58,2,2,0,0,0,34,0,1,4,0,1,0,0,0,12,0,1,9,37,0,0,1,0,0,1,2,1,0,19,0,1,3,3,1,5,0,0,0,0,10,37,44,4,1,0,0,0,0,0,0,0,0,0,4,1,5,2,1,0,0,0,443,485,101,319,1230,6,190,0,0,1,70,6,7,0,0,15,1,0,11,1,0,0,4,0,0,0,0,5,0,0,0,1,6,41,1,0,4,0,344,0,241
F15,14,0,0,1,0,1,0,0,0,0,1,2,13,4,1,0,28,0,1,0,18,2,0,1,0,7,4,31,0,25,3,0,3,18,11,0,3,2,4,0,0,0,104,3,30,6,18,12,46,0,0,2,0,0,0,2,0,0,0,1,2,0,4,0,0,1,0,0,0,1,2,0,0,0,0,0,0,1,0,0,0,1,1,76,3,1,11,1,10,18,21,6,35,6,872,292,2,0,0,4,6,2,0,0,4,2,4,49,0,2,0,55,0,0,2,0,3,2,0,0,0,20,8,3,0,4,0,18,0,334
F16,67,1,1,7,0,9,2,9,24,6,13,234,258,37,40,0,115,10,2,15,96,5,5,27,6,272,96,412,38,223,24,26,23,592,38,8,155,2,60,3,2,4,1822,98,352,93,126,254,95,65,1,2,7,6,14,18,116,2,0,10,132,58,24,3,2,0,0,45,65,93,20,3,0,24,10,27,36,3,56,14,12,87,32,83,148,287,157,66,234,482,583,28,342,190,292,11105,79,16,18,50,111,67,8,25,79,22,12,342,58,40,5,222,26,15,15,19,33,70,8,0,47,242,543,9,24,65,7,338,0,4433
F17,4,0,0,1,0,0,0,0,0,0,0,3,11,7,1,0,35,0,0,0,3,0,0,4,2,6,1,3,0,1,0,0,0,16,0,1,1,0,0,0,0,1,26,0,1,11,2,32,0,11,0,0,1,16,2,1,1,0,1,3,11,18,21,0,1,0,0,1,3,5,0,1,0,0,0,0,1,0,0,0,0,0,0,1,1,3,0,0,6,3,9,0,5,0,2,79,411,0,0,3,3,48,1,0,9,2,2,48,2,1,0,27,2,1,0,1,0,0,0,0,3,17,1,0,0,0,1,62,0,148
F21,9,1,0,1,1,2,4,0,1,5,0,15,14,4,5,0,4,0,0,0,7,0,0,0,0,3,0,0,0,0,0,0,0,16,0,0,5,0,1,2,0,2,105,2,4,2,13,2,1,1,0,0,1,0,0,5,2,0,0,4,8,16,0,2,1,0,0,0,0,3,1,1,0,0,0,1,0,0,0,1,0,0,11,0,4,22,2,10,0,1,0,1,1,0,0,16,0,757,0,3,23,7,4,0,1,4,2,12,133,26,2,2,1,1,17,35,0,1,1,0,2,118,18,1,11,54,11,56,1,109
F22,0,1,0,0,0,0,0,0,0,0,0,10,6,0,0,0,48,0,1,10,0,0,1,5,0,2,1,17,2,7,0,1,0,0,0,0,2,0,0,0,0,2,1,0,1,0,0,1,1,0,0,0,0,6,3,0,1,0,0,1,2,1,12,0,0,0,0,3,4,7,5,0,0,0,0,0,0,0,6,0,0,2,0,0,0,1,0,0,0,34,5,3,5,1,0,18,0,0,350,74,17,4,0,6,90,0,0,12,1,0,0,4,2,0,0,0,0,1,1,0,37,4,0,1,0,2,0,86,0,57
F23,9,2,0,5,2,0,0,0,0,4,0,3,9,7,0,0,219,6,6,18,43,1,2,4,25,3,10,28,0,1,0,1,2,4,1,0,6,0,1,0,0,0,21,0,0,1,2,24,0,0,0,0,1,28,13,45,26,3,1,4,4,4,78,1,1,0,0,33,16,11,1,0,0,1,1,2,2,0,1,0,1,10,2,0,0,3,0,0,2,65,151,0,9,70,4,50,3,3,74,1533,149,5,20,67,67,0,4,16,0,0,0,23,0,0,3,1,3,2,0,0,13,12,2,2,1,28,0,384,0,130
F24,24,29,0,9,0,0,0,1,0,1,1,63,37,15,3,1,88,0,11,2,10,0,0,15,0,5,9,5,0,4,0,2,2,28,1,0,13,0,5,2,0,4,96,2,1,4,19,10,0,0,0,0,3,10,12,22,10,2,0,4,9,21,1,0,5,0,0,1,1,17,4,1,0,2,0,0,7,0,7,0,4,2,3,2,11,103,17,35,11,17,13,11,43,6,6,111,3,23,17,149,1782,136,12,3,189,1,3,32,25,2,7,139,2,1,1,5,1,4,0,1,4,35,46,4,5,179,21,736,0,215
F25,17,5,0,53,0,2,1,0,0,1,0,72,35,2,0,1,132,1,1,2,8,0,0,0,1,12,4,10,2,0,0,1,0,14,2,0,9,0,3,0,0,1,87,0,0,6,10,41,1,15,0,0,1,58,6,0,4,0,1,29,11,41,22,2,6,0,0,8,3,7,1,3,0,0,0,0,0,0,7,0,0,0,3,1,1,12,21,3,1,32,29,2,101,7,2,67,48,7,4,5,136,1364,3,2,165,1,0,59,3,1,0,70,7,10,2,2,5,1,1,0,3,49,27,0,6,15,16,294,0,276
F26,4,6,0,29,5,0,0,0,0,1,0,11,14,0,0,0,79,3,0,6,18,0,0,12,10,1,3,1,2,0,0,7,9,23,6,2,1,0,13,0,0,0,0,0,0,0,0,32,0,0,0,1,1,4,11,3,8,9,1,4,6,6,16,10,4,0,3,4,3,9,2,0,0,1,3,0,0,0,24,0,0,51,3,0,0,5,0,1,1,1,0,0,0,0,0,8,1,4,0,20,12,3,409,32,14,0,0,3,1,5,0,4,0,0,0,0,0,4,0,0,0,10,1,0,1,14,0,59,0,24
F27,0,2,0,0,1,0,0,0,0,0,0,1,3,3,0,0,45,1,1,8,7,0,4,3,5,12,65,5,0,1,0,0,14,3,3,0,2,0,0,0,0,0,0,0,0,0,0,30,0,0,0,0,1,6,1,40,131,0,0,2,2,3,25,0,0,0,0,304,83,18,3,4,0,4,0,0,1,0,0,0,0,1,0,0,0,6,0,0,1,4,1,0,2,0,0,25,0,0,6,67,3,2,32,823,35,0,2,6,2,1,0,0,0,0,0,0,0,0,0,0,3,9,2,0,1,81,0,212,0,91
F28,7,3,0,26,0,2,0,2,1,0,0,9,14,0,0,1,211,0,1,5,11,0,1,22,0,113,13,76,3,2,0,1,2,43,3,3,7,2,1,0,0,0,75,1,0,2,14,7,0,0,0,0,0,28,10,9,16,0,0,14,12,38,29,2,1,2,0,9,20,23,4,2,2,1,0,0,3,0,4,0,0,18,0,1,0,9,1,2,4,93,45,5,17,15,4,79,9,1,90,67,189,165,14,35,1641,0,2,12,2,1,0,9,4,0,0,1,1,2,4,0,19,61,6,0,0,27,3,371,0,469
F41,5,0,1,1,1,13,10,2,0,4,0,1,6,2,12,0,1,0,0,0,5,1,0,0,0,1,2,1,0,3,1,0,0,7,0,1,39,0,1,0,0,0,16,0,5,11,21,10,1,0,0,0,0,0,0,0,4,0,0,1,4,0,0,1,1,0,0,1,2,1,1,0,0,0,2,4,4,0,4,1,4,0,0,5,0,2,5,0,1,1,3,0,0,1,2,22,2,4,0,0,1,1,0,0,0,479,79,72,44,2,0,10,7,2,5,4,3,0,2,0,0,18,0,2,8,2,0,13,0,90
F42,3,0,0,0,0,0,0,0,0,0,0,0,0,5,0,0,3,0,0,0,0,0,1,1,3,3,8,6,1,4,3,0,0,4,0,0,2,0,1,0,0,0,39,0,3,6,32,14,0,0,0,0,0,1,1,0,1,0,42,0,8,1,1,0,0,0,0,0,7,0,0,0,0,0,0,0,3,0,0,0,0,0,3,1,1,4,0,0,18,2,22,0,0,0,4,12,2,2,0,4,3,0,0,2,2,79,389,21,5,0,0,1,1,2,3,1,2,1,1,0,1,19,2,1,0,7,1,7,2,41
G01,160,9,6,18,10,3,2,7,2,3,1,54,1508,5,34,0,787,2,47,33,66,46,60,14,1,45,33,156,26,47,13,7,8,128,11,2,26,8,118,1,6,5,444,42,67,29,50,245,40,61,0,48,218,28,22,37,37,3,1,999,101,81,20,9,1119,3,0,28,9,44,32,11,98,20,10,10,7,5,31,6,2,29,14,28,18,12,14,5,110,57,221,4,59,11,49,342,48,12,12,16,32,59,3,6,12,72,21,12531,407,137,36,303,599,188,413,112,144,210,52,25,121,1040,335,400,482,208,207,480,27,2810
G02,13,0,0,2,0,7,7,0,5,3,2,4,231,0,10,0,32,0,0,0,29,0,1,8,0,9,3,74,23,6,2,0,3,221,0,0,81,3,95,16,3,14,67,0,1,2,15,35,6,1,0,7,104,17,2,269,10,0,0,98,382,321,8,2,17,0,0,2,6,62,10,24,2,16,2,2,3,1,12,6,3,3,12,3,6,5,3,19,5,3,3,1,1,1,0,58,2,133,1,0,25,3,1,2,2,44,5,407,4360,342,12,11,121,16,19,272,2,112,8,0,4,644,110,15,573,89,184,95,1,766
G03,4,0,0,6,0,1,0,0,0,1,1,3,67,1,7,0,55,2,3,0,95,1,7,12,0,2,3,43,13,4,9,0,1,90,2,1,53,26,495,67,3,22,4,0,0,0,2,258,0,2,0,2,83,33,12,26,9,1,0,386,582,363,3,22,6,0,0,1,4,44,14,2,5,1,0,0,1,0,15,0,0,31,0,0,0,0,1,1,1,0,6,1,0,0,2,40,1,26,0,0,2,1,5,1,1,2,0,137,342,4473,5,25,138,22,6,42,1,102,2,3,30,403,23,3,374,218,43,43,0,1473
G04,1,0,0,1,1,0,0,0,22,0,0,0,8,0,3,0,0,0,0,0,0,1,0,0,0,1,0,1,2,0,0,0,0,2,0,0,1,0,2,1,0,1,1,0,1,4,1,1,0,0,0,2,0,0,1,2,4,0,0,0,0,0,1,0,1,0,0,0,4,4,0,0,0,0,0,0,0,0,0,0,0,0,0,0,0,0,1,0,0,0,0,1,0,0,0,5,0,2,0,0,7,0,0,0,0,0,0,36,12,5,376,16,15,15,11,17,4,8,1,0,0,41,47,20,32,8,4,20,1,29
G05,45,3,1,1,0,2,0,4,0,5,0,29,90,5,27,0,68,1,1,2,23,4,2,7,0,27,14,167,27,129,10,3,3,89,7,1,3,9,20,0,0,8,279,9,36,13,60,38,27,13,0,0,1,5,17,20,3,1,1,5,6,1,1,0,2,1,3,6,0,13,1,0,1,4,0,4,1,13,26,0,0,11,5,17,25,2,19,9,6,43,97,4,42,4,55,222,27,2,4,23,139,70,4,0,9,10,1,303,11,25,16,2939,214,20,51,15,5,79,1,12,10,170,200,103,73,87,36,430,27,663
G06,26,1,3,1,2,7,0,6,2,4,0,26,176,0,137,0,13,0,0,0,1,2,44,1,0,1,2,26,2,22,6,1,2,35,3,0,21,8,334,76,8,9,76,15,7,4,6,92,2,12,0,2,12,2,0,3,0,0,0,19,10,18,1,4,13,0,5,1,1,5,3,1,3,1,2,2,3,0,14,1,3,10,0,1,2,4,14,2,1,1,26,0,2,0,0,26,2,1,2,0,2,7,0,0,4,7,1,599,121,138,15,214,7042,970,129,362,98,744,3,43,6,375,62,428,2270,149,54,232,23,908
G07,8,4,0,3,0,1,0,2,5,7,0,42,24,0,45,0,4,0,0,0,1,0,24,1,0,0,0,6,0,0,5,0,1,4,1,0,2,0,73,31,3,3,130,5,12,1,2,154,6,18,0,0,2,1,0,0,1,0,0,1,1,3,0,0,0,0,0,0,0,1,0,0,0,1,0,1,0,1,3,0,0,17,0,1,0,4,125,4,0,5,12,0,1,0,0,15,1,1,0,0,1,10,0,0,0,2,2,188,16,22,15,20,970,2000,87,15,18,61,2,5,1,44,9,10,282,9,2,32,12,182
G08,7,0,0,0,1,3,1,1,0,2,0,10,37,5,4,0,1,0,0,0,2,2,1,1,0,0,1,2,0,1,0,0,0,3,0,0,7,0,1,0,0,0,99,27,6,5,13,15,5,2,0,0,2,0,0,0,0,0,0,0,1,2,0,0,0,0,0,3,7,0,0,1,0,0,1,0,0,0,3,0,2,0,12,1,3,3,34,4,1,0,5,1,0,0,2,15,0,17,0,3,1,2,0,0,0,5,3,413,19,6,11,51,129,87,1173,49,12,18,0,10,2,76,20,34,301,36,17,52,10,114
G09,14,0,0,0,0,2,2,1,10,17,5,45,39,4,69,0,5,0,0,0,3,0,0,6,2,0,0,3,0,5,2,0,0,36,0,27,37,2,57,26,9,27,33,4,6,3,10,78,2,3,0,1,3,1,0,3,2,0,0,5,16,38,2,0,1,0,0,1,1,0,1,0,0,3,1,1,1,1,6,0,1,0,8,1,0,29,5,5,0,0,2,1,1,0,0,19,1,35,0,1,5,2,0,0,1,4,1,112,272,42,17,15,362,15,49,1708,20,81,1,4,1,126,19,32,336,44,45,35,0,331
G10,4,0,0,0,0,0,1,0,0,4,0,4,59,0,14,0,2,0,0,0,1,47,0,2,0,0,0,2,0,2,0,1,0,11,1,0,25,0,1,1,0,1,37,0,4,7,7,4,0,0,0,0,0,0,0,1,1,0,0,0,11,2,0,0,1,0,0,0,1,0,0,0,0,2,0,0,3,0,0,0,0,3,6,0,0,21,1,0,1,15,19,1,0,5,3,33,0,0,0,3,1,5,0,0,1,3,2,144,2,1,4,5,98,18,12,20,844,68,0,0,0,14,2,66,271,5,0,12,0,123
G11,4,0,1,0,0,0,0,2,0,2,2,9,25,0,12,0,21,0,1,1,28,0,1,6,1,4,17,11,9,3,0,0,1,111,1,2,44,0,41,13,0,3,17,2,1,2,1,59,1,1,0,0,199,55,0,26,23,0,1,55,143,107,10,1,14,0,0,1,13,43,4,2,10,3,0,0,0,0,2,0,0,2,0,1,0,2,7,1,0,0,4,1,1,0,2,70,0,1,1,2,4,1,4,0,2,0,1,210,112,102,8,79,744,61,18,81,68,3981,1,0,3,337,106,398,966,46,327,47,1,968
G12,0,0,0,0,0,0,0,0,0,1,0,0,2,0,0,0,0,0,0,0,0,0,0,0,0,0,0,6,0,2,0,0,0,0,0,0,0,0,1,0,0,0,14,0,0,1,1,0,0,0,0,0,0,0,0,0,0,0,0,0,0,0,0,0,0,0,0,0,0,0,0,0,0,0,0,0,0,0,0,0,0,0,0,0,1,0,0,0,0,0,0,0,0,0,0,8,0,1,1,0,0,1,0,0,4,2,1,52,8,2,1,1,3,2,0,1,0,1,83,0,0,8,3,1,2,9,3,2,0,15
G16,0,0,0,0,0,0,0,0,0,0,0,2,103,0,4,0,2,0,0,0,2,0,0,0,0,1,1,1,0,0,0,0,0,0,0,0,0,1,0,0,0,0,2,0,0,0,1,0,0,0,0,0,1,0,0,0,0,0,0,10,0,0,0,0,14,0,0,0,0,0,0,1,1,0,0,0,0,0,0,0,0,0,0,0,0,0,0,0,0,0,0,0,1,0,0,0,0,0,0,0,1,0,0,0,0,0,0,25,0,3,0,12,43,5,10,4,0,0,0,180,0,7,3,0,10,1,0,19,0,51
G21,1,0,0,1,0,2,0,0,0,0,0,1,99,3,1,0,86,2,7,0,3,0,2,7,14,4,6,34,5,23,0,2,1,15,11,0,6,0,0,1,0,2,0,0,2,6,0,12,4,0,0,0,14,36,15,21,22,0,0,5,13,58,1,0,0,0,0,5,58,20,14,2,0,0,0,1,0,0,3,0,1,2,0,1,0,7,0,1,3,4,2,1,4,1,0,47,3,2,37,13,4,3,0,3,19,0,1,121,4,30,0,10,6,1,2,1,0,3,0,0,1402,48,8,1,4,50,1,978,1,203
H01,22,0,1,2,1,2,0,1,4,6,5,33,196,3,17,0,236,0,25,0,85,7,4,64,8,35,180,263,117,70,10,6,23,283,12,1,142,5,101,6,1,9,355,12,21,15,25,81,20,3,0,31,443,368,14,183,392,0,4,106,747,382,37,17,21,0,0,64,271,703,200,162,12,35,2,4,23,1,35,13,2,18,7,2,2,24,56,8,6,44,149,8,29,6,20,242,17,118,4,12,35,49,10,9,61,18,19,1040,644,403,41,170,375,44,76,126,14,337,8,7,48,14369,935,298,571,1702,1626,2526,39,3490
H02,8,1,0,1,1,1,0,1,1,3,1,56,64,8,8,0,13,2,4,7,19,6,0,4,1,21,8,81,7,43,10,9,4,83,1,0,22,0,22,1,0,0,405,14,38,14,19,56,42,1,0,0,9,1,1,2,4,0,0,1,15,8,2,1,2,0,0,2,7,4,4,0,2,4,1,9,5,8,22,2,1,0,6,17,7,62,98,18,19,32,127,20,167,41,8,543,1,18,0,2,46,27,1,2,6,0,2,335,110,23,47,200,62,9,20,19,2,106,3,3,8,935,4620,175,141,275,102,1001,147,775
H03,2,0,0,1,0,0,0,0,0,0,0,0,33,0,2,0,3,0,1,0,2,8,0,1,0,0,2,0,1,1,1,0,0,1,0,0,4,0,5,0,0,0,31,3,6,0,2,3,3,0,0,1,5,0,0,2,2,0,0,3,3,2,0,0,2,0,0,1,2,1,0,1,0,0,0,2,0,0,6,0,0,0,1,0,2,0,6,1,0,3,30,0,0,1,3,9,0,1,1,2,4,0,0,0,0,2,1,400,15,3,20,103,428,10,34,32,66,398,1,0,1,298,175,3393,1203,59,185,54,5,139
H04,4,0,0,2,0,0,5,1,0,6,0,11,139,0,69,0,2,0,1,0,2,11,1,1,0,1,2,11,0,4,1,0,0,11,0,0,2,2,239,5,5,6,122,10,0,4,13,34,1,0,0,5,16,1,1,1,3,0,0,10,10,8,1,2,3,0,0,0,2,4,0,1,0,2,0,0,1,0,5,0,0,2,1,0,2,5,16,5,5,3,12,0,2,0,0,24,0,11,0,1,5,6,1,1,0,8,0,482,573,374,32,73,2270,282,301,336,271,966,2,10,4,571,141,1203,11035,126,176,435,51,489
H05,7,8,0,15,4,1,2,4,1,8,1,96,107,5,9,0,82,0,2,0,58,1,2,15,3,13,42,252,3,11,20,2,3,160,14,0,174,5,99,3,0,7,130,5,1,1,17,66,1,1,0,4,15,24,2,84,136,0,0,53,297,206,2,13,2,0,0,56,23,243,107,14,3,7,6,12,9,1,22,0,8,13,7,0,3,17,12,12,4,22,15,9,5,4,4,65,0,54,2,28,179,15,14,81,27,2,7,208,89,218,8,87,149,9,36,44,5,46,9,1,50,1702,275,59,126,4983,182,638,14,1443
H10,1,0,0,1,0,0,0,1,1,0,0,0,18,0,0,0,10,0,1,0,6,10,0,0,0,1,6,13,2,0,1,1,5,6,0,0,36,0,46,1,0,1,9,0,1,1,3,0,0,0,0,6,157,23,1,14,98,0,1,57,55,105,0,1,6,0,0,1,13,104,12,64,6,4,0,1,2,0,0,0,0,0,2,0,0,9,1,2,2,2,25,1,3,0,0,7,1,11,0,0,21,16,0,0,3,0,1,207,184,43,4,36,54,2,17,45,0,327,3,0,1,1626,102,185,176,182,3529,431,1,918
Y02,334,14,3,141,1,4,1,3,0,7,1,61,1142,42,14,0,2036,56,180,16,103,0,50,23,130,57,163,173,29,46,9,26,40,383,33,4,128,24,23,2,0,9,727,73,112,71,239,209,22,3,0,2,68,872,652,275,459,194,1,2314,605,240,343,52,519,12,2,415,626,226,231,31,12,51,3,1,31,4,63,1,4,175,40,118,61,178,15,69,27,1137,1964,190,121,344,18,338,62,56,86,384,736,294,59,212,371,13,7,480,95,43,20,430,232,32,52,35,12,47,2,19,978,2526,1001,54,435,638,431,17032,173,2371
Y04,0,0,0,0,0,0,0,0,0,0,0,1,2,0,0,0,0,0,0,0,0,0,0,0,0,0,0,0,0,0,0,0,0,0,0,0,0,0,0,0,0,0,12,0,0,0,0,0,1,0,0,0,0,0,0,0,0,0,0,0,0,0,0,0,0,0,0,0,0,0,0,0,0,0,0,0,0,0,1,0,0,0,0,0,0,0,0,1,1,1,0,0,0,0,0,0,0,1,0,0,0,0,0,0,0,0,2,27,1,0,1,27,23,12,10,0,0,1,0,0,1,39,147,5,51,14,1,173,204,10
Y10,519,46,78,396,56,146,16,60,433,92,68,517,3781,122,167,0,2063,44,94,45,552,43,105,94,79,744,441,2183,227,449,472,237,133,2320,140,290,1907,16,1276,192,34,203,2202,40,564,86,208,1779,100,125,23,15,358,579,359,642,631,55,30,1973,4407,2454,293,151,1615,16,25,186,476,828,221,292,54,448,123,169,521,26,693,62,172,567,130,143,135,491,564,151,207,622,607,35,454,241,334,4433,148,109,57,130,215,276,24,91,469,90,41,2810,766,1473,29,663,908,182,114,331,123,968,15,51,203,3490,775,139,489,1443,918,2371,10,42314
