cpc_1,cpc_2,convergence_prob,horizon,convergence_type,jaccard_current,jaccard_slope,symmetry_ratio,acp_distance,absorption_max,corr_diff2,same_cluster
C12N,A01H,0.1488,2023-2028,GPT,0.02665,0.00134422,0.036,0.2224,0.9097,0.6262,0
H10K,G09F,0.1479,2023-2028,ASYM,0.073919,0.00940334,0.4807,0.0871,0.7857,0.8756,0
B65D,A47G,0.0769,2023-2028,GPT,0.032213,0.00176891,0.1426,0.0613,0.826,0.8441,0
A61F,G02C,0.072,2023-2028,GPT,0.023478,0.00043319,0.1515,0.3163,0.9097,0.9764,1
G05D,A01D,0.0606,2023-2028,GPT,0.046848,0.00304261,0.2331,0.0356,0.7857,0.604,1
H01L,C30B,0.0476,2023-2028,GPT,0.027458,0.00011301,0.0708,0.1563,0.7857,0.6521,1
G06V,B60W,0.0428,2023-2028,SYM,0.068825,0.00821183,0.6492,0.2489,0.7857,0.9921,0
G01J,H10F,0.0354,2023-2028,SYM,0.049708,0.001799,0.9853,0.229,0.9097,0.8252,0
H01M,A62C,0.0333,2023-2028,GPT,0.012816,0.00258812,0.0992,0.0587,0.7857,0.9443,1
B25J,A47L,0.0301,2023-2028,ASYM,0.045656,-0.00022678,0.4869,0.1129,0.7857,0.7663,1
A61F,D04H,0.0283,2023-2028,GPT,0.026217,0.00068755,0.1616,0.3653,0.9097,0.9079,0
G05D,B64U,0.0282,2023-2028,GPT,0.089888,0.00529395,0.2394,0.0484,0.7857,0.8734,1
C12N,A01K,0.0274,2023-2028,GPT,0.035326,0.00156565,0.1678,0.1754,0.7857,0.9909,0
C07F,B01J,0.0268,2023-2028,ASYM,0.036927,-0.00209794,0.3891,0.1536,0.0,0.3793,1
H02M,G05F,0.025,2023-2028,GPT,0.070549,0.00117933,0.1867,0.0551,0.7857,0.9943,1
G05D,A01B,0.0248,2023-2028,GPT,0.037263,0.00311738,0.1959,0.0279,0.7857,0.8521,1
H05B,F24H,0.0245,2023-2028,GPT,0.036605,0.00030234,0.1742,0.0822,0.7857,0.8096,1
B01D,F01M,0.0218,2023-2028,GPT,0.017077,-2.592e-05,0.0905,0.1261,0.0,0.2933,1
E21B,G06F,0.0215,2023-2028,GPT,0.004267,0.00017954,0.071,0.2275,0.7857,0.7012,0
F24F,B60H,0.0208,2023-2028,ASYM,0.041956,0.00102829,0.4439,0.0587,0.7857,0.9732,1
B64D,F02K,0.0202,2023-2028,GPT,0.072343,0.00092786,0.269,0.3699,0.7857,0.8876,0
B25J,A61H,0.0195,2023-2028,GPT,0.036538,9.778e-05,0.2961,0.1124,0.9097,0.7756,0
G02C,B29D,0.0173,2023-2028,ASYM,0.070807,0.00122186,0.3365,0.2483,0.9097,0.9348,0
G06F,A61B,0.0167,2023-2028,ASYM,0.029233,0.00167234,0.5859,0.2383,0.9097,0.9586,0
F16B,B25B,0.0158,2023-2028,ASYM,0.04349,0.00300768,0.3983,0.0546,0.7857,0.2672,1
B32B,D04H,0.0151,2023-2028,GPT,0.036556,0.00035421,0.1235,0.0636,0.826,0.8845,1
B32B,E04F,0.015,2023-2028,GPT,0.035222,0.001071,0.1425,0.0534,0.826,0.4719,0
B33Y,A61C,0.0148,2023-2028,ASYM,0.036496,0.0008081,0.3577,0.2526,0.9097,0.7623,0
C04B,B28B,0.0147,2023-2028,ASYM,0.111471,0.00897549,0.4127,0.0653,0.826,0.7393,0
G09G,H10K,0.0144,2023-2028,SYM,0.081667,0.00855848,0.777,0.2202,0.7857,0.7088,0
H04W,G06K,0.0129,2023-2028,GPT,0.012236,0.00049822,0.1042,0.5445,0.4975,0.9169,0
G11C,H03K,0.0126,2023-2028,SYM,0.045623,-0.00038527,0.6129,0.2258,0.4975,0.8671,1
G06T,A63F,0.0125,2023-2028,GPT,0.021876,0.00037141,0.0836,0.1798,0.4975,0.7928,1
A61B,G01L,0.0123,2023-2028,GPT,0.009546,0.00039156,0.1206,0.0479,0.9097,0.6605,0
B60Q,F21W,0.0119,2023-2028,SYM,0.132909,0.0145466,0.6139,0.1005,0.7857,0.7764,1
G06F,H05K,0.0118,2023-2028,GPT,0.032274,0.00093202,0.2026,0.2424,0.7857,0.8073,0
G02F,H01S,0.0117,2023-2028,ASYM,0.050682,0.00333408,0.3686,0.0757,0.9097,0.316,1
H04N,G01S,0.0109,2023-2028,ASYM,0.028522,0.00213853,0.529,0.1061,0.7857,0.9411,0
F16L,H02G,0.0107,2023-2028,ASYM,0.069731,0.00297735,0.5301,0.0751,0.7857,-0.1019,1
F16K,E03C,0.0107,2023-2028,GPT,0.043367,0.00149938,0.1876,0.0323,0.7857,0.2674,1
H04W,G08G,0.0106,2023-2028,GPT,0.02388,0.00305451,0.1239,0.5303,0.7857,0.7715,0
F16H,B62M,0.0106,2023-2028,GPT,0.036538,0.00271101,0.183,0.0448,0.7857,0.741,1
H04L,G06N,0.0106,2023-2028,GPT,0.024202,0.00416874,0.164,0.2165,0.4975,0.8202,0
B60Q,H05B,0.0102,2023-2028,ASYM,0.028571,0.00090582,0.4343,0.0922,0.7857,0.7905,1
A61B,G16H,0.01,2023-2028,GPT,0.152646,0.0097414,0.2629,0.3144,0.9097,0.9892,1
B32B,A61F,0.0096,2023-2028,SYM,0.023271,0.00027948,0.7641,0.3829,0.9097,0.9733,0
H04W,G08B,0.0095,2023-2028,GPT,0.015468,0.00076877,0.098,0.546,0.7857,0.9364,0
H04L,G06T,0.0095,2023-2028,ASYM,0.008558,0.00082527,0.3219,0.2854,0.4975,0.9326,0
H01L,G06F,0.009,2023-2028,GPT,0.009373,0.0004021,0.2231,0.2351,0.7857,0.9559,0
H04N,A61B,0.0087,2023-2028,SYM,0.020566,0.0005503,0.673,0.1554,0.9097,0.9491,0
F16B,A47B,0.0086,2023-2028,ASYM,0.060606,0.00098788,0.439,0.0608,0.7857,0.474,1
C12Q,G16B,0.0086,2023-2028,GPT,0.120941,0.00664097,0.2339,0.1504,0.9097,0.9845,1
F25B,B60H,0.008,2023-2028,ASYM,0.065906,-0.00028728,0.4211,0.0609,0.7857,0.6133,1
B65D,D21H,0.0078,2023-2028,GPT,0.021784,0.00258895,0.2155,0.0511,0.826,0.7237,1
F25D,A47B,0.0075,2023-2028,SYM,0.057452,0.00120834,0.646,0.0527,0.7857,0.7976,1
G05B,B25J,0.0074,2023-2028,ASYM,0.118689,0.00776843,0.4815,0.163,0.7857,0.923,0
B29D,A43B,0.0073,2023-2028,ASYM,0.087216,0.00368364,0.3861,0.0947,0.826,0.9627,1
B01J,F01N,0.0073,2023-2028,GPT,0.04791,0.00147123,0.2686,0.1342,0.0,0.2242,1
H04N,G11B,0.0072,2023-2028,GPT,0.029425,-0.0037422,0.0578,0.1304,0.4975,0.7161,1
A61P,C07C,0.0071,2023-2028,GPT,0.043249,-0.00097241,0.2512,0.4239,0.6931,0.8503,0
B01L,C12M,0.0069,2023-2028,ASYM,0.095422,0.00365798,0.514,0.2379,0.9097,0.83,1
A61B,G01S,0.0067,2023-2028,ASYM,0.02247,-0.00025818,0.3561,0.1024,0.9097,0.9514,0
H04M,G10L,0.0064,2023-2028,ASYM,0.045101,0.00128512,0.5533,0.1488,0.4975,0.633,1
G06F,B60W,0.006,2023-2028,GPT,0.015589,0.00218478,0.1604,0.2463,0.7857,0.9519,0
G01N,B07C,0.0059,2023-2028,GPT,0.00727,0.00019988,0.0276,0.1908,0.9097,0.9312,0
A61B,G06V,0.0057,2023-2028,ASYM,0.030411,0.00245608,0.4218,0.2368,0.9097,0.9559,0
B65H,G07D,0.0057,2023-2028,GPT,0.053527,-0.00242122,0.2514,0.1902,0.826,0.5354,1
B29C,C08K,0.0056,2023-2028,ASYM,0.044334,0.00136899,0.5519,0.1641,0.826,0.7736,1
B60W,G01S,0.0055,2023-2028,SYM,0.041306,0.00473584,0.769,0.1377,0.7857,0.972,1
A61B,B06B,0.0054,2023-2028,GPT,0.012116,0.00061163,0.0461,0.0889,0.9097,0.6491,1
G05B,B65G,0.0054,2023-2028,ASYM,0.021992,0.00211516,0.4394,0.1621,0.7857,0.8999,0
G06F,H04R,0.0052,2023-2028,GPT,0.021247,0.00141772,0.0969,0.2002,0.7857,0.911,0
A61B,H04R,0.0051,2023-2028,GPT,0.00986,0.00068817,0.1654,0.0941,0.9097,0.9743,0
A61K,C08G,0.005,2023-2028,GPT,0.012014,-0.00051244,0.2708,0.2991,0.826,0.5931,0
A61B,G06N,0.005,2023-2028,ASYM,0.017538,0.00325161,0.3134,0.3148,0.9097,0.8867,0
G02B,H01L,0.005,2023-2028,ASYM,0.015167,-2.89e-05,0.5888,0.0884,0.9097,0.9053,0
G11C,H10N,0.005,2023-2028,SYM,0.079048,0.00241441,0.8464,0.3313,0.7857,0.6114,0
A61K,C07B,0.0049,2023-2028,GPT,0.04116,0.00377769,0.0733,0.1011,0.6931,0.7971,1
H04N,G01J,0.0049,2023-2028,GPT,0.025033,0.00210346,0.1941,0.2535,0.9097,0.9674,0
G06Q,B65G,0.0049,2023-2028,ASYM,0.026535,0.00399081,0.532,0.2792,0.7857,0.9042,0
F16D,H02K,0.0049,2023-2028,SYM,0.03526,0.00213161,0.7311,0.0508,0.7857,0.9375,1
H04L,G10L,0.0048,2023-2028,GPT,0.013364,0.00160689,0.0798,0.2018,0.4975,0.7261,0
G02B,B42D,0.0048,2023-2028,GPT,0.016329,-0.00080835,0.066,0.1433,0.9097,0.8292,0
G01N,B65G,0.0047,2023-2028,GPT,0.0079,0.00024618,0.2066,0.0998,0.7857,0.8439,1
C21D,B21B,0.0046,2023-2028,GPT,0.086438,7.746e-05,0.2819,0.108,0.7857,0.6892,1
A47J,B01F,0.0045,2023-2028,SYM,0.038397,-0.0014907,0.9402,0.0948,0.7857,0.9415,0
C22C,B22D,0.0045,2023-2028,GPT,0.069235,-0.00190948,0.2541,0.0306,0.7857,0.7338,1
H04N,G01B,0.0045,2023-2028,ASYM,0.027053,0.00176088,0.3176,0.1672,0.9097,0.8809,0
G01S,H01Q,0.0045,2023-2028,ASYM,0.050733,8.559e-05,0.4533,0.0716,0.7857,0.9786,1
A47J,H05B,0.0043,2023-2028,ASYM,0.034538,0.00154332,0.3461,0.0891,0.7857,0.6608,1
E04B,F16B,0.0043,2023-2028,ASYM,0.041834,0.00084898,0.576,0.0395,0.7857,0.9677,1
H10D,G09G,0.0043,2023-2028,SYM,0.044473,0.00576189,0.8943,0.3879,0.7857,0.5752,0
H04N,G06F,0.0042,2023-2028,ASYM,0.085571,-0.00191887,0.3943,0.1877,0.4975,0.9888,0
C12N,A61L,0.0042,2023-2028,SYM,0.022081,0.00023853,0.6098,0.2165,0.9097,0.9117,0
H04L,G08G,0.0041,2023-2028,GPT,0.009685,0.00104382,0.0971,0.2299,0.7857,0.7148,0
H04R,G10K,0.004,2023-2028,ASYM,0.116971,0.00630154,0.4496,0.0717,0.7857,0.7308,1
G01N,A61K,0.004,2023-2028,SYM,0.049683,-0.00247077,0.7039,0.2131,0.7857,0.9326,0
C01G,H01M,0.004,2023-2028,GPT,0.066611,-0.00018316,0.1512,0.0959,0.7857,0.9399,0
H01L,G03F,0.004,2023-2028,GPT,0.044701,-0.00274583,0.1861,0.1015,0.7857,0.5852,1
G07C,E05B,0.004,2023-2028,SYM,0.056801,-0.00010585,0.6228,0.1462,0.7857,0.8322,0
A61P,C07B,0.0039,2023-2028,GPT,0.050605,0.00487937,0.0889,0.2217,0.6931,0.8019,1
G06F,H03M,0.0039,2023-2028,GPT,0.01156,3.621e-05,0.0524,0.1712,0.0,0.9403,1
G01N,B82Y,0.0039,2023-2028,GPT,0.015052,-0.00031084,0.1195,0.1024,0.7857,0.5773,0
H02J,A24F,0.0039,2023-2028,ASYM,0.022967,0.00284829,0.3266,0.1144,0.7857,0.8266,1
A47C,B60N,0.0038,2023-2028,ASYM,0.098454,-0.00025297,0.4728,0.088,0.7857,0.2429,1
D01H,B65H,0.0038,2023-2028,GPT,0.056872,0.00103446,0.0991,0.3939,0.826,0.3965,1
G02B,A61B,0.0037,2023-2028,SYM,0.031994,0.00067129,0.6468,0.0714,0.9097,0.9922,1
B41J,G03G,0.0037,2023-2028,ASYM,0.090743,0.00287615,0.3368,0.0677,0.826,0.1711,1
G05D,A47L,0.0037,2023-2028,ASYM,0.056116,0.00240549,0.3,0.0532,0.7857,0.8156,1
B01D,A47L,0.0037,2023-2028,GPT,0.014773,0.00081992,0.2472,0.0863,0.7857,0.6581,0
H01M,C25B,0.0037,2023-2028,GPT,0.035242,-0.00158734,0.1037,0.1115,0.7857,0.7662,0
A61P,C07F,0.0036,2023-2028,GPT,0.027023,0.00023466,0.1192,0.3518,0.6931,0.9367,0
A61P,C12Q,0.0036,2023-2028,GPT,0.032,-0.00082472,0.2064,0.5119,0.9097,0.8123,0
A61B,G02C,0.0036,2023-2028,GPT,0.008742,0.00016793,0.0559,0.2021,0.9097,0.9085,1
G02B,B23K,0.0035,2023-2028,ASYM,0.016319,0.00144447,0.3159,0.0986,0.9097,0.9245,0
B60W,G01C,0.0035,2023-2028,SYM,0.076329,0.00842908,0.7456,0.0912,0.7857,0.8889,1
B29K,C08L,0.0035,2023-2028,ASYM,0.069673,0.0038891,0.5607,0.1318,0.826,0.8479,1
B65H,G03G,0.0034,2023-2028,ASYM,0.056231,-0.00106868,0.3701,0.1449,0.826,0.3627,1
B01D,C07K,0.0034,2023-2028,SYM,0.015936,0.00108974,0.9551,0.3997,0.6931,0.9006,0
B60R,G07C,0.0034,2023-2028,ASYM,0.051243,0.00103816,0.437,0.1077,0.7857,0.8185,0
H01J,C23C,0.0034,2023-2028,ASYM,0.069209,-0.00137783,0.4301,0.2773,0.9097,0.8284,0
F25B,B64D,0.0033,2023-2028,ASYM,0.007994,-5.444e-05,0.5613,0.1008,0.7857,0.9086,1
B08B,A47L,0.0033,2023-2028,SYM,0.043574,-0.00117313,0.9614,0.0525,0.7857,0.7339,1
A61P,C07H,0.0033,2023-2028,GPT,0.022698,-0.00084711,0.0443,0.2092,0.6931,0.7022,1
B41J,G06K,0.0033,2023-2028,SYM,0.046885,0.00173143,0.86,0.1376,0.826,0.916,0
B65D,A61J,0.0033,2023-2028,GPT,0.054451,-0.00094322,0.2567,0.1306,0.826,0.8148,0
B60R,F16B,0.0032,2023-2028,ASYM,0.017285,-0.00125204,0.5762,0.0634,0.7857,0.6805,1
G02B,B29D,0.0032,2023-2028,GPT,0.033127,-0.00026263,0.257,0.1639,0.9097,0.9325,0
H05B,F24C,0.0032,2023-2028,GPT,0.070796,0.00133034,0.2333,0.0633,0.7857,0.6309,1
H04N,B60R,0.0032,2023-2028,ASYM,0.032389,0.00088377,0.4342,0.1385,0.7857,0.8169,0
A61B,H01R,0.0031,2023-2028,GPT,0.00644,0.00019171,0.176,0.0932,0.9097,0.7706,0
H04W,G06N,0.0031,2023-2028,GPT,0.010753,0.00186161,0.2093,0.6039,0.4975,0.8619,0
C08L,B60C,0.0031,2023-2028,GPT,0.066501,-0.00130949,0.2003,0.0396,0.826,0.9876,1
G02B,C03B,0.003,2023-2028,GPT,0.011042,-1.158e-05,0.0739,0.1169,0.9097,0.6439,0
H01F,C22C,0.0029,2023-2028,SYM,0.057937,-0.00052634,0.7698,0.0616,0.7857,0.7979,1
H01L,B23K,0.0029,2023-2028,ASYM,0.027596,0.00072744,0.5366,0.0377,0.7857,0.9284,1
H01M,B23K,0.0029,2023-2028,SYM,0.015003,0.00110618,0.6131,0.0808,0.7857,0.9164,1
G06F,B60R,0.0029,2023-2028,GPT,0.015599,0.00105827,0.1712,0.213,0.7857,0.8531,0
H04N,G06Q,0.0029,2023-2028,ASYM,0.021722,9.851e-05,0.5105,0.1588,0.4975,0.9456,1
B23K,C22C,0.0029,2023-2028,SYM,0.076641,-0.00155719,0.8998,0.0494,0.7857,0.797,1
G06F,A63F,0.0028,2023-2028,GPT,0.016569,-0.00020044,0.0301,0.3023,0.4975,0.8376,0
G02B,C03C,0.0028,2023-2028,GPT,0.027665,0.00018031,0.1583,0.1113,0.9097,0.8606,0
G01S,H10F,0.0028,2023-2028,ASYM,0.017695,0.00150462,0.3615,0.1604,0.7857,0.8962,1
G01N,H01M,0.0028,2023-2028,ASYM,0.006316,0.00056504,0.3766,0.0998,0.7857,0.8009,1
C09K,F25B,0.0027,2023-2028,SYM,0.027918,0.00269901,0.7169,0.1285,0.7857,0.9452,1
A61B,G01R,0.0027,2023-2028,ASYM,0.028234,0.00107932,0.3462,0.0752,0.9097,0.8102,0
G05B,B23Q,0.0027,2023-2028,GPT,0.033259,0.00065637,0.2096,0.1699,0.7857,0.304,0
G05D,F16K,0.0027,2023-2028,ASYM,0.041747,-0.00415989,0.5065,0.0528,0.7857,0.973,1
B62D,G05D,0.0027,2023-2028,SYM,0.042265,0.00193661,0.6531,0.0555,0.7857,0.674,1
A44C,G04B,0.0027,2023-2028,ASYM,0.158631,0.00620566,0.5112,0.2488,0.7857,0.7082,0
G01N,B01J,0.0027,2023-2028,ASYM,0.017524,0.00037128,0.359,0.1575,0.7857,0.6535,0
C01B,B01J,0.0026,2023-2028,ASYM,0.116591,-0.00141208,0.4848,0.0639,0.0,0.8899,1
B65D,A47J,0.0026,2023-2028,ASYM,0.049974,-0.00067245,0.3309,0.0709,0.826,0.8968,0
A61B,B25J,0.0026,2023-2028,GPT,0.019795,0.00133808,0.2003,0.0738,0.9097,0.8928,0
H01Q,G06K,0.0026,2023-2028,SYM,0.051645,-0.00201364,0.9672,0.0979,0.7857,0.9815,0
A61K,C12Q,0.0025,2023-2028,GPT,0.030753,0.00012225,0.1702,0.3199,0.9097,0.8902,0
H01L,C23C,0.0025,2023-2028,ASYM,0.041891,0.00028669,0.5021,0.0568,0.7857,0.9183,1
B29K,C08J,0.0025,2023-2028,SYM,0.098359,0.00248896,0.9866,0.1236,0.826,0.9482,1
G02B,B60K,0.0025,2023-2028,ASYM,0.022576,0.00158486,0.4588,0.1271,0.9097,0.841,0
H05B,A24F,0.0025,2023-2028,ASYM,0.135327,0.01494084,0.442,0.0681,0.7857,0.9276,1
G16H,A61N,0.0025,2023-2028,SYM,0.055247,0.00216597,0.7845,0.1212,0.9097,0.9945,1
G01R,H01R,0.0025,2023-2028,ASYM,0.016522,-0.00086916,0.5084,0.0772,0.7857,0.8736,1
A61M,G16H,0.0024,2023-2028,ASYM,0.058554,0.00142853,0.5375,0.1165,0.9097,0.9512,1
H04N,G03G,0.0024,2023-2028,GPT,0.017918,-0.00088596,0.0672,0.1656,0.826,0.5071,0
B60L,H01R,0.0024,2023-2028,SYM,0.032747,0.00186266,0.6803,0.0794,0.7857,0.8844,1
F21V,H05B,0.0024,2023-2028,SYM,0.06633,0.00213453,0.6125,0.1213,0.7857,0.8976,1
H04B,G06K,0.0023,2023-2028,GPT,0.020179,-0.00092924,0.2345,0.3208,0.4975,0.8565,0
H10D,G02F,0.0023,2023-2028,SYM,0.037621,-0.00071805,0.7654,0.3367,0.9097,0.6834,0
H04L,G07C,0.0023,2023-2028,GPT,0.014106,0.00105972,0.0668,0.1847,0.4975,0.7167,0
G05B,H04L,0.0023,2023-2028,GPT,0.02368,0.00084982,0.2177,0.204,0.4975,0.8706,0
A61M,F04B,0.0023,2023-2028,GPT,0.016431,-0.00063794,0.241,0.3144,0.9097,0.847,0
G01R,H01H,0.0023,2023-2028,GPT,0.036682,0.00245565,0.2973,0.0757,0.7857,0.6764,1
H04W,G01S,0.0022,2023-2028,GPT,0.037787,0.00116378,0.2378,0.5223,0.7857,0.8905,0
H02M,B60L,0.0022,2023-2028,SYM,0.051396,-0.00010112,0.6992,0.0526,0.7857,0.8985,1
A47J,F24C,0.0022,2023-2028,SYM,0.104682,0.00527964,0.674,0.0684,0.7857,0.8465,1
A61M,B05B,0.0022,2023-2028,GPT,0.027821,0.00050094,0.2913,0.2939,0.9097,0.7937,0
H04B,G01S,0.0022,2023-2028,ASYM,0.035764,0.00292011,0.5349,0.2962,0.7857,0.7849,0
H04W,G01C,0.0021,2023-2028,GPT,0.014283,0.00053524,0.1363,0.5746,0.7857,0.8569,0
B60R,G06V,0.0021,2023-2028,SYM,0.039075,0.00014964,0.6928,0.2326,0.7857,0.8898,0
G06T,A61B,0.0021,2023-2028,SYM,0.081429,0.00197292,0.6151,0.1743,0.9097,0.9759,0
C08F,B01J,0.0021,2023-2028,SYM,0.050742,-0.00147893,0.88,0.1917,0.826,0.5826,0
B01J,C08G,0.0021,2023-2028,SYM,0.026677,8.089e-05,0.9331,0.1993,0.826,0.7994,0
G06Q,H04L,0.0021,2023-2028,GPT,0.060493,0.00213984,0.1798,0.0875,0.4975,0.953,0
G01N,A61B,0.0021,2023-2028,SYM,0.048177,0.00061237,0.8849,0.0704,0.9097,0.9873,0
B29C,G05B,0.0021,2023-2028,ASYM,0.017262,0.0011342,0.5726,0.1791,0.826,0.8722,0
B01D,C10G,0.0021,2023-2028,GPT,0.032791,-0.00033067,0.1437,0.1867,0.0,0.7245,1
B29C,F16L,0.0021,2023-2028,GPT,0.024263,-0.00050174,0.2559,0.053,0.826,0.4778,0
G01R,H03K,0.0021,2023-2028,ASYM,0.037517,0.00235498,0.3657,0.1394,0.7857,0.976,0
B32B,C09D,0.0021,2023-2028,SYM,0.05192,0.00075755,0.6585,0.0807,0.826,0.9398,1
H04N,G09G,0.002,2023-2028,GPT,0.052337,0.0002443,0.2285,0.1646,0.4975,0.8731,1
H04B,G06F,0.002,2023-2028,ASYM,0.019375,-0.00243844,0.39,0.1516,0.0,0.922,1
A61K,C07F,0.002,2023-2028,GPT,0.024114,0.00045925,0.0983,0.1487,0.6931,0.9179,0
A61K,C07H,0.002,2023-2028,GPT,0.020271,-0.0001907,0.0365,0.0639,0.6931,0.7835,1
G06F,H10K,0.002,2023-2028,GPT,0.017201,0.00200152,0.1159,0.2538,0.7857,0.9188,0
A61M,H05B,0.002,2023-2028,ASYM,0.028604,0.00171727,0.5313,0.3095,0.9097,0.9724,0
G06F,H02J,0.002,2023-2028,GPT,0.014689,-0.00048916,0.2061,0.2062,0.7857,0.9286,0
A61K,C07C,0.0019,2023-2028,GPT,0.039851,-0.00053598,0.2071,0.2266,0.6931,0.861,0
C09D,B41M,0.0019,2023-2028,GPT,0.083741,0.00395385,0.2562,0.0937,0.826,0.8763,1
G05D,B25J,0.0018,2023-2028,SYM,0.056921,0.00308774,0.6161,0.1039,0.7857,0.964,1
H04N,G03B,0.0018,2023-2028,GPT,0.122528,0.00350396,0.1932,0.254,0.9097,0.9021,0
H04N,G10L,0.0018,2023-2028,GPT,0.019933,0.00145472,0.2267,0.1698,0.4975,0.9049,1
G11C,H10B,0.0018,2023-2028,ASYM,0.193734,0.00185607,0.4484,0.4088,0.7857,0.6627,0
H05K,B23K,0.0018,2023-2028,ASYM,0.021802,-0.00142357,0.5908,0.0939,0.7857,0.8713,1
G01N,B01D,0.0018,2023-2028,ASYM,0.032001,0.00185255,0.4459,0.0926,0.7857,0.7943,0
A61M,F16L,0.0018,2023-2028,ASYM,0.010544,-0.00056312,0.3801,0.3172,0.9097,0.7914,0
E21B,G01N,0.0018,2023-2028,GPT,0.011011,0.00033976,0.137,0.0842,0.7857,0.7861,1
B29C,C08L,0.0018,2023-2028,SYM,0.061995,0.00174596,0.7419,0.1016,0.826,0.8376,1
G05D,B64C,0.0018,2023-2028,ASYM,0.046526,0.00073071,0.5704,0.0691,0.7857,0.9,1
G05D,B60W,0.0017,2023-2028,SYM,0.115872,0.01321274,0.8422,0.0706,0.7857,0.8632,1
B01D,C07C,0.0017,2023-2028,SYM,0.050299,0.00093149,0.6599,0.1513,0.0,0.8931,1
F16H,B64C,0.0017,2023-2028,SYM,0.023224,-7.85e-05,0.862,0.0565,0.7857,0.6034,1
H04M,G06F,0.0017,2023-2028,GPT,0.071694,-0.00447241,0.1615,0.182,0.4975,0.8741,0
A61K,C08F,0.0017,2023-2028,GPT,0.009412,0.00021108,0.2224,0.3054,0.826,0.6923,0
G05B,H05K,0.0017,2023-2028,SYM,0.013293,1.711e-05,0.8315,0.1365,0.7857,0.9327,0
H04W,G06Q,0.0017,2023-2028,GPT,0.033108,-5.436e-05,0.2294,0.4491,0.4975,0.9548,0
G06F,B41J,0.0017,2023-2028,GPT,0.007545,0.00060743,0.0787,0.2658,0.826,0.8433,0
B32B,C04B,0.0016,2023-2028,GPT,0.027979,0.0005696,0.2726,0.081,0.826,0.6387,0
H04B,G01R,0.0016,2023-2028,ASYM,0.018481,0.00140219,0.5201,0.3658,0.7857,0.9136,0
A61K,C12Y,0.0016,2023-2028,GPT,0.03985,0.00040051,0.0909,0.1345,0.6931,0.9766,1
C07D,B01J,0.0016,2023-2028,SYM,0.022736,-0.00020725,0.7078,0.3804,0.6931,0.6316,0
A61L,C08L,0.0016,2023-2028,ASYM,0.037329,0.00118389,0.4838,0.1956,0.9097,0.8656,0
G02B,H05K,0.0016,2023-2028,ASYM,0.014396,0.00065168,0.5348,0.1072,0.9097,0.7706,0
H04L,G01S,0.0016,2023-2028,GPT,0.01324,0.00063813,0.1863,0.2448,0.7857,0.8739,0
A47L,D06F,0.0016,2023-2028,ASYM,0.121865,-0.01100115,0.5741,0.0263,0.7857,0.9675,1
E21B,G01V,0.0016,2023-2028,SYM,0.12186,0.00536382,0.7973,0.0696,0.9097,0.3623,0
B01D,F24F,0.0016,2023-2028,ASYM,0.031699,0.00203323,0.3805,0.1099,0.7857,0.7992,0
A45D,B65D,0.0016,2023-2028,GPT,0.035639,-0.00116257,0.1907,0.0757,0.826,0.9284,0
A61K,C08L,0.0016,2023-2028,ASYM,0.015834,-0.00017066,0.4287,0.2805,0.826,0.6833,0
B60R,H02J,0.0015,2023-2028,SYM,0.020805,0.0003222,0.8309,0.0631,0.7857,0.7397,1
G05B,F24F,0.0015,2023-2028,ASYM,0.033637,0.00121951,0.361,0.1774,0.7857,0.6834,0
G01N,C12N,0.0015,2023-2028,ASYM,0.059538,-0.00211327,0.4832,0.2066,0.7857,0.9168,0
F16D,B64C,0.0015,2023-2028,SYM,0.037844,0.00285781,0.8253,0.0657,0.7857,0.9142,1
C01B,H01M,0.0015,2023-2028,ASYM,0.06123,-0.00364471,0.4621,0.1442,0.7857,0.864,0
A61P,C12Y,0.0015,2023-2028,GPT,0.040782,0.00027956,0.1103,0.3235,0.6931,0.9632,1
G06F,H03K,0.0015,2023-2028,GPT,0.018631,-0.00082634,0.0742,0.2207,0.4975,0.9228,0
F24S,H02S,0.0015,2023-2028,ASYM,0.240759,0.00308427,0.4821,0.0535,0.7857,0.3994,1
B01D,F01N,0.0015,2023-2028,GPT,0.075999,-0.00506181,0.2162,0.1617,0.0,0.531,1
G01R,H02P,0.0015,2023-2028,ASYM,0.03002,0.00010614,0.402,0.1057,0.7857,0.8311,1
B32B,G02B,0.0015,2023-2028,SYM,0.026638,0.00074699,0.7471,0.1265,0.9097,0.9372,0
G05B,A61B,0.0015,2023-2028,ASYM,0.009746,0.00063016,0.416,0.1577,0.9097,0.9474,0
G02B,H10K,0.0014,2023-2028,ASYM,0.017625,0.00125339,0.306,0.1101,0.9097,0.931,0
B60K,H01M,0.0014,2023-2028,SYM,0.033989,0.00260502,0.8904,0.0979,0.7857,0.8763,1
A61M,F16K,0.0014,2023-2028,ASYM,0.011738,-0.00044454,0.3366,0.3143,0.9097,0.9213,0
C09D,B05D,0.0014,2023-2028,ASYM,0.103808,-0.00018063,0.3219,0.0533,0.826,0.8813,1
G08G,B60W,0.0014,2023-2028,SYM,0.166488,0.01606697,0.6777,0.0852,0.7857,0.8735,1
B01J,C10G,0.0014,2023-2028,GPT,0.081391,-0.00171314,0.1785,0.1098,0.0,0.9345,1
G01N,A61P,0.0014,2023-2028,SYM,0.044956,-0.00371333,0.8537,0.4448,0.7857,0.9011,0
G02B,H01S,0.0014,2023-2028,GPT,0.040594,-0.00029313,0.1024,0.2003,0.9097,0.8051,1
H05K,A47B,0.0014,2023-2028,GPT,0.014845,-0.00011064,0.2138,0.1577,0.7857,0.6416,1
G01N,A61M,0.0014,2023-2028,ASYM,0.011523,-8.547e-05,0.5528,0.2742,0.9097,0.9571,0
B01D,F02M,0.0014,2023-2028,GPT,0.030822,7.339e-05,0.2298,0.1492,0.0,0.8363,1
H02K,F16H,0.0014,2023-2028,SYM,0.051454,0.00236176,0.9731,0.0441,0.7857,0.8075,1
H02K,F16C,0.0013,2023-2028,SYM,0.038244,0.00044056,0.7412,0.023,0.7857,0.694,1
H10K,G02F,0.0013,2023-2028,SYM,0.08214,0.00575699,0.9078,0.1873,0.9097,0.7421,0
E06B,C03C,0.0013,2023-2028,SYM,0.04903,0.003337,0.8113,0.0899,0.7857,0.9205,1
A61B,G01B,0.0013,2023-2028,GPT,0.018027,-0.00014722,0.2138,0.0869,0.9097,0.8868,1
B22F,C22C,0.0013,2023-2028,SYM,0.16605,0.00111648,0.8579,0.0748,0.826,0.8141,0
F04D,H02K,0.0013,2023-2028,SYM,0.055664,0.00235192,0.8599,0.2596,0.7857,0.9405,0
G01N,C12Q,0.0013,2023-2028,GPT,0.121,-0.00685808,0.2417,0.2931,0.9097,0.8971,0
H04L,B60R,0.0013,2023-2028,GPT,0.008377,0.00075405,0.1529,0.285,0.7857,0.9153,0
B41J,C09D,0.0013,2023-2028,ASYM,0.047387,-0.00099438,0.4219,0.192,0.826,0.921,1
H04R,A61N,0.0013,2023-2028,SYM,0.014962,-0.00153038,0.8018,0.4393,0.9097,0.9781,0
G01N,C12M,0.0013,2023-2028,GPT,0.031964,0.00094978,0.0851,0.2232,0.9097,0.9024,0
H04W,G07C,0.0012,2023-2028,GPT,0.02076,0.00246485,0.0853,0.4929,0.4975,0.7581,0
E21B,F16L,0.0012,2023-2028,SYM,0.054797,-0.00138941,0.6519,0.0793,0.7857,0.8177,1
G02B,H02G,0.0012,2023-2028,GPT,0.008801,-0.00072335,0.1524,0.1038,0.9097,0.6483,0
G01N,H01J,0.0012,2023-2028,GPT,0.030536,-0.00029667,0.0929,0.2611,0.9097,0.8373,0
B60K,F16D,0.0012,2023-2028,ASYM,0.044311,0.00063398,0.5157,0.063,0.7857,0.8582,1
G06F,H04L,0.0012,2023-2028,SYM,0.188865,0.00056158,0.8933,0.184,0.0,0.9626,1
F16D,B60T,0.0012,2023-2028,SYM,0.161323,0.00982008,0.8238,0.0304,0.7857,0.8785,1
A61K,C07D,0.0012,2023-2028,ASYM,0.180281,0.00527592,0.357,0.1559,0.6931,0.9468,1
B62D,H02P,0.0012,2023-2028,SYM,0.020269,-0.00224565,0.6555,0.0575,0.7857,0.7325,1
H04N,B41J,0.0012,2023-2028,GPT,0.021794,0.00087449,0.1995,0.1853,0.826,0.7624,0
G02B,H01R,0.0011,2023-2028,GPT,0.008858,-0.00024318,0.2722,0.0835,0.9097,0.7704,0
H01M,C01P,0.0011,2023-2028,ASYM,0.087904,0.00248652,0.3078,0.1959,0.7857,0.8435,0
H04R,G10L,0.0011,2023-2028,SYM,0.137411,0.00594941,0.9225,0.2074,0.7857,0.809,0
G10L,H04S,0.0011,2023-2028,ASYM,0.124075,-0.00836747,0.3193,0.171,0.4975,0.7886,1
C07F,H10K,0.0011,2023-2028,SYM,0.080534,-0.00074335,0.6246,0.1774,0.7857,0.8836,0
A61M,B65D,0.0011,2023-2028,ASYM,0.018862,-0.00141825,0.5557,0.3087,0.9097,0.8843,0
G06F,B60K,0.0011,2023-2028,GPT,0.015005,-0.00022548,0.1739,0.2536,0.7857,0.9081,0
G05B,H02P,0.001,2023-2028,ASYM,0.023191,0.00051066,0.3346,0.1656,0.7857,0.9114,0
B60K,H02K,0.001,2023-2028,SYM,0.032171,0.00168131,0.7054,0.0805,0.7857,0.7419,1
C09K,E21B,0.001,2023-2028,ASYM,0.03104,-0.00246524,0.549,0.0902,0.7857,0.8116,1
C07D,H10K,0.001,2023-2028,ASYM,0.060002,0.00034587,0.441,0.3863,0.7857,0.996,0
B32B,C08J,0.001,2023-2028,SYM,0.09558,0.00194673,0.6338,0.1354,0.826,0.9754,1
B32B,F16L,0.001,2023-2028,ASYM,0.024521,-0.00127699,0.3847,0.0668,0.826,0.4342,0
B32B,C22C,0.001,2023-2028,ASYM,0.040376,-0.00202974,0.3805,0.1,0.826,0.7934,0
G01R,H02H,0.001,2023-2028,GPT,0.087941,0.002129,0.2864,0.0864,0.7857,0.9562,1
H04N,G06V,0.0009,2023-2028,SYM,0.098526,0.00585398,0.6267,0.145,0.4975,0.9609,1
A61M,B01D,0.0009,2023-2028,SYM,0.022784,0.00045571,0.8066,0.3204,0.9097,0.8022,0
G01R,H02M,0.0009,2023-2028,ASYM,0.038918,0.00066773,0.5225,0.0904,0.7857,0.9275,1
B60Q,F21S,0.0009,2023-2028,SYM,0.211131,0.01060121,0.8378,0.1001,0.7857,0.6331,1
H04L,G06V,0.0009,2023-2028,GPT,0.011751,0.00113322,0.2207,0.2446,0.4975,0.9134,0
H04L,G09C,0.0009,2023-2028,GPT,0.00759,-0.00041304,0.008,0.2481,0.0,0.7979,1
B60L,H02P,0.0009,2023-2028,ASYM,0.054563,-0.00136189,0.5379,0.0397,0.7857,0.7422,1
C12N,A01N,0.0009,2023-2028,GPT,0.031428,1.207e-05,0.2523,0.133,0.6931,0.9596,0
C12Q,B01L,0.0009,2023-2028,SYM,0.077962,0.00254154,0.6851,0.1909,0.9097,0.76,1
F15B,E02F,0.0009,2023-2028,SYM,0.15591,0.00302294,0.994,0.039,0.7857,0.6587,1
B60G,F16F,0.0009,2023-2028,ASYM,0.126954,-0.001215,0.5913,0.0584,0.7857,0.4006,1
G01N,C07K,0.0008,2023-2028,ASYM,0.072899,-0.00714204,0.4259,0.369,0.7857,0.9212,0
B32B,C08K,0.0008,2023-2028,SYM,0.060438,0.00075685,0.8298,0.1517,0.826,0.8211,1
G01R,H01M,0.0008,2023-2028,SYM,0.072705,0.00347763,0.9626,0.0993,0.7857,0.8625,1
B32B,C03C,0.0008,2023-2028,GPT,0.040543,0.0017106,0.2119,0.0887,0.826,0.9301,0
B60C,C08K,0.0008,2023-2028,GPT,0.064341,-0.003628,0.2692,0.085,0.826,0.9115,1
B32B,C23C,0.0008,2023-2028,ASYM,0.047112,-0.00132249,0.3957,0.1052,0.826,0.7623,0
H04N,G02B,0.0008,2023-2028,SYM,0.107228,0.00524294,0.961,0.1109,0.9097,0.9389,0
G01R,H01F,0.0008,2023-2028,ASYM,0.033682,0.00057085,0.4088,0.0765,0.7857,0.8011,1
B29C,C08J,0.0008,2023-2028,ASYM,0.075756,-0.00017153,0.4216,0.1474,0.826,0.9589,1
B32B,C08G,0.0008,2023-2028,SYM,0.044434,0.00034697,0.7045,0.1387,0.826,0.89,1
F02C,B64D,0.0008,2023-2028,SYM,0.10569,0.00420482,0.7756,0.2933,0.7857,0.9554,0
B60Y,F16H,0.0008,2023-2028,SYM,0.097541,0.00333448,0.8738,0.0667,0.7857,0.6953,1
G01R,B60L,0.0008,2023-2028,SYM,0.054017,0.00384586,0.7473,0.1111,0.7857,0.9748,1
H04N,G08B,0.0008,2023-2028,GPT,0.024453,0.00094998,0.218,0.096,0.7857,0.9732,0
A61B,G01T,0.0008,2023-2028,GPT,0.015077,-0.0006246,0.0376,0.1723,0.9097,0.692,1
G02B,H10F,0.0007,2023-2028,GPT,0.024578,0.00063375,0.199,0.1116,0.9097,0.9525,0
G06Q,H02J,0.0007,2023-2028,SYM,0.01861,-0.000159,0.9769,0.2436,0.7857,0.8287,0
B01J,C02F,0.0007,2023-2028,ASYM,0.041098,0.0001394,0.3588,0.1449,0.0,0.9298,1
B01D,C02F,0.0007,2023-2028,GPT,0.117624,0.00226548,0.2888,0.1914,0.0,0.7811,1
B01D,H01M,0.0007,2023-2028,SYM,0.013412,-0.00011604,0.8447,0.0889,0.7857,0.9109,0
B62D,F16H,0.0007,2023-2028,SYM,0.026457,-0.00132822,0.9871,0.0409,0.7857,0.8617,1
A61P,C12N,0.0007,2023-2028,ASYM,0.145077,-0.00138411,0.4125,0.2632,0.6931,0.9799,1
C07D,A01N,0.0007,2023-2028,GPT,0.05572,-0.00050366,0.2404,0.2655,0.6931,0.9347,0
C09K,G02F,0.0007,2023-2028,SYM,0.036789,-0.00668089,0.8137,0.2079,0.9097,0.6416,0
H04W,G06F,0.0007,2023-2028,SYM,0.065119,-0.00229,0.8773,0.3724,0.0,0.9363,1
F05D,B64D,0.0006,2023-2028,SYM,0.079037,0.00395535,0.6637,0.1217,0.7857,0.96,1
H04N,G01N,0.0006,2023-2028,SYM,0.01574,0.00135452,0.7606,0.1641,0.7857,0.9552,0
A61P,C07D,0.0006,2023-2028,ASYM,0.251839,0.00419744,0.433,0.1078,0.6931,0.9713,1
C09K,H10K,0.0006,2023-2028,SYM,0.148852,-0.00319377,0.8964,0.0963,0.7857,0.8576,1
G05D,B64D,0.0006,2023-2028,SYM,0.038731,0.00253439,0.8674,0.0652,0.7857,0.8313,1
H04L,G16H,0.0006,2023-2028,GPT,0.008491,0.00068943,0.1376,0.4781,0.9097,0.9174,0
B01D,C01B,0.0006,2023-2028,ASYM,0.051102,-0.00123487,0.3903,0.1093,0.0,0.8264,1
G02B,H04B,0.0006,2023-2028,SYM,0.014237,0.00079717,0.9716,0.3771,0.9097,0.8029,0
A61K,C07K,0.0006,2023-2028,GPT,0.206696,-0.00040001,0.2998,0.1697,0.6931,0.9779,1
B29C,A61M,0.0006,2023-2028,SYM,0.011421,-0.00072733,0.6733,0.32,0.9097,0.8458,0
H04N,G06K,0.0006,2023-2028,GPT,0.023712,-0.00032592,0.232,0.0752,0.4975,0.9563,1
G02B,F21S,0.0006,2023-2028,GPT,0.040394,-0.00145116,0.2083,0.1745,0.9097,0.6798,0
G01R,H02J,0.0005,2023-2028,SYM,0.092545,0.00428129,0.9844,0.085,0.7857,0.8895,1
G02B,F21V,0.0005,2023-2028,GPT,0.049549,-0.00338328,0.2461,0.1445,0.9097,0.8765,0
A61P,C07K,0.0005,2023-2028,ASYM,0.214988,-0.00152987,0.3636,0.1533,0.6931,0.9835,1
B32B,C09J,0.0005,2023-2028,ASYM,0.083931,0.0011455,0.3178,0.1151,0.826,0.9288,1
B32B,C08L,0.0005,2023-2028,SYM,0.072046,0.00053697,0.8966,0.0897,0.826,0.8611,1
B60K,F16H,0.0005,2023-2028,SYM,0.10301,-0.00023476,0.7249,0.0677,0.7857,0.8673,1
A61B,B01L,0.0005,2023-2028,GPT,0.011311,-0.00039192,0.1465,0.4358,0.9097,0.9345,1
G01N,B01L,0.0004,2023-2028,GPT,0.113046,-0.00018184,0.1656,0.4366,0.9097,0.9355,0
C07C,B01J,0.0004,2023-2028,SYM,0.147896,0.00148474,0.8197,0.0886,0.0,0.8387,1
H02J,B60L,0.0004,2023-2028,SYM,0.15424,0.00030198,0.7357,0.047,0.7857,0.828,1
F16H,B60W,0.0004,2023-2028,SYM,0.041421,-0.00923279,0.7856,0.066,0.7857,0.738,1
G05B,H02J,0.0004,2023-2028,SYM,0.024506,-0.00197664,0.8456,0.138,0.7857,0.8631,0
H04N,G06T,0.0004,2023-2028,SYM,0.181708,0.00131366,0.9139,0.1326,0.4975,0.9207,1
B29C,G01N,0.0004,2023-2028,SYM,0.008744,0.00057268,0.821,0.1141,0.826,0.8863,0
H01M,B60L,0.0003,2023-2028,SYM,0.116612,0.00112713,0.7764,0.0583,0.7857,0.9258,1
A61K,C12N,0.0003,2023-2028,ASYM,0.152323,0.00071992,0.3401,0.0442,0.6931,0.9746,1
